source_site,source_product_id,name,sku,permalink,price,regular_price,sale_price,on_sale,category_slugs,category_names,size_inferred,gsm_inferred,in_stock,image_primary,short_description_text
banhat,4131,Giấy Supreme A3 70 gsm,GINSUPREMEA370,https://vanphongphambanhat.com.vn/san-pham/giay-supreme-a3-70gsm/,137000,145000,137000,True,giay-in-van-phong|giay-a3|giay-in-photo,GIẤY IN VĂN PHÒNG|Giấy A3|Giấy In - Photo,A3,70,Còn hàng,https://vanphongphambanhat.com.vn/wp-content/uploads/2019/10/giay-in-supreme-a3-70gsm.jpg,"Giấy in A3 Supreme 70gsm cao cấp nhập khẩu Thái Lan
Kích thước: Khổ A3 (297 x 420 mm)
Định lượng: 70gsm
Số lượng: 500 tờ
Thương hiệu: Supreme
Xuất xứ: Thái Lan
Quy cách đóng gói: 500 tờ /ream, 5 ream /thùng
Ứng dụng: in văn bản, tài liệu, hợp đồng, photocopy
Trọng lượng: Khoảng 4kg /ream, 20kg /thùng
Nếu khách hàng KHÔNG lấy hóa đơn, Giấy A4 giảm thêm 2.000, Giấy A3 giảm 5.000 trên đơn giá có VAT
Thị trường biến động nên Giá bán có thể thay đổi theo thời giá.
Quý khách vui lòng Liên hệ để được B"
banhat,4133,Giấy A4 Quality 70gsm,GINQUALITYA470,https://vanphongphambanhat.com.vn/san-pham/giay-a4-quality-70gsm/,61000,65000,61000,True,giay-in-van-phong|giay-a4|giay-in-photo,GIẤY IN VĂN PHÒNG|Giấy A4|Giấy In - Photo,A4,70,Còn hàng,https://vanphongphambanhat.com.vn/wp-content/uploads/2019/10/giay-in-quality-A4-70gsm-2.jpg,"Giấy in A4 70gsm Quality
dùng cho tất cả các loại máy in đang có hiện nay, cũng như máy fax laser, máy photocopy…
Kích thước: Khổ A4 (210 x 297mm)
Định lượng: 70gsm
Số lượng: 500 tờ
Xuất xứ: Thái Lan
Quy cách đóng gói: 500 tờ /ream, 5 ream /thùng
Ứng dụng: in văn bản, tài liệu, hợp đồng, photocopy
Trọng lượng: Khoản 2kg /ream, 10kg /thùng
Nếu khách hàng KHÔNG lấy hóa đơn, Giấy A4 giảm thêm 2.000, Giấy A3 giảm 5.000 trên đơn giá có VAT
Thị trường biến động nên Giá bán sẽ cập nhật theo thời giá.
Q"
banhat,4186,Giấy note please sign,NMTPLEASESIGN,https://vanphongphambanhat.com.vn/san-pham/giay-note-please-sign/,23000,25000,23000,True,giay-in-van-phong|giay-note-phan-trang,GIẤY IN VĂN PHÒNG|Giấy Note - Phân Trang,,,Còn hàng,https://vanphongphambanhat.com.vn/wp-content/uploads/2019/10/giay-note-please-sign.jpg,"Nhằm giúp cho sản phẩm
giấy note please sign
được sử dụng phát huy được hiệu quả, chất lượng cao người dùng trong quá trình sử dụng cần chú ý đến việc bảo quản sản phẩm."
banhat,4188,Giấy Note STICKIII 3X3,NOTESTICKII3X3,https://vanphongphambanhat.com.vn/san-pham/giay-note-stickiii-3x3/,6500,8000,6500,True,giay-in-van-phong|giay-note-phan-trang,GIẤY IN VĂN PHÒNG|Giấy Note - Phân Trang,,,Còn hàng,https://vanphongphambanhat.com.vn/wp-content/uploads/2019/10/giay-note-STICKIII-3X3-vpp-ba-nhat.jpg,"Sản phẩm
giấy Note STICKIII 3X3
được làm nên từ chất liệu bột giấy tốt không có thành phần độc hại, đảm bảo an toàn đối với sức khỏe người tiêu dùng. Cùng với đó, được sản xuất trên dây chuyền công nghệ hiện đại, tiên tiến mang đến cho người dùng mẫu giấy có thiết kế đẹp mắt, độc đáo."
banhat,4190,Giấy Note 5 màu nhựa Pronoti,N5MNPROTINOL45502,https://vanphongphambanhat.com.vn/san-pham/giay-note-5-mau-nhua-pronoti/,12200,14000,12200,True,giay-in-van-phong|giay-note-phan-trang,GIẤY IN VĂN PHÒNG|Giấy Note - Phân Trang,,,Còn hàng,https://vanphongphambanhat.com.vn/wp-content/uploads/2019/10/giay-note-nhua-pronoti.jpg,"Sản phẩm
giấy Note 5 màu nhựa Pronoti
có nguồn gốc xuất xứ từ Đài Loan song được công ty văn phòng phẩm Ba Nhất  phân phối và cung cấp, bán sản phẩm đến với người tiêu dùng khi có nhu cầu sử dụng sản phẩm."
banhat,4202,Giấy Excel A5 70 gsm,GINEXCELA570,https://vanphongphambanhat.com.vn/san-pham/giay-excel-a5-70/,27500,31000,27500,True,giay-in-photo|giay-a5|giay-in-van-phong,Giấy In - Photo|Giấy A5|GIẤY IN VĂN PHÒNG,A5,70,Còn hàng,https://vanphongphambanhat.com.vn/wp-content/uploads/2019/10/giay-in-excel-gia-re-1.png,"Giấy in Excel A5 70 gsm
được nhập khẩu từ Indo /Thái và đóng gói tại Việt Nam với chất lượng tốt đáp ứng mọi nhu cầu in ấn.
Kích thước: Khổ A5 (148 x 210 mm)
Định lượng: 70gsm
Xuất xứ: Indonesia / Thái Lan
Quy cách đóng gói: 10 ream /thùng
Ứng dụng: in văn bản, tài liệu, hợp đồng, photocopy
Trọng lượng: Khoản 1kg /ream, 10kg /thùng
Nếu khách hàng KHÔNG lấy hóa đơn, Giấy A4 giảm thêm 2.000, Giấy A3 giảm 5.000 trên đơn giá có VAT"
banhat,4204,Giấy Fax nhiệt Mitsubishi,GIAYFAXNHIET210,https://vanphongphambanhat.com.vn/san-pham/giay-fax-nhiet-mitsubishi/,22000,25000,22000,True,giay-in-nhiet|giay-in-van-phong,Giấy In Nhiệt|GIẤY IN VĂN PHÒNG,,,Còn hàng,https://vanphongphambanhat.com.vn/wp-content/uploads/2019/10/giay-fax-nhiet-sunbird-mitsubishi-vpp-ba-nhat.jpg,"Giấy Fax Nhiệt Mitsubishi là sản phẩm cao cấp đến từ nhật bản, cho nên dể dàng tạo ra những bản in chất lượng nhất. Công Ty Ba Nhất Chuyên Cung Cấp Giấy Fax Nhiệt Dành Cho Văn Phòng."
banhat,5211,Giấy A4 Excel 70 gsm,GINEXCLA470,https://vanphongphambanhat.com.vn/san-pham/giay-a4-excel-70-gsm/,52000,57000,52000,True,giay-in-photo|giay-a4|giay-in-van-phong,Giấy In - Photo|Giấy A4|GIẤY IN VĂN PHÒNG,A4,70,Còn hàng,https://vanphongphambanhat.com.vn/wp-content/uploads/2019/11/giay-in-excel-a4-gia-re.png,"Giấy A4 EXCEL 70gsm
giá rẻ là loại Giấy In nhập khẩu và được đóng gói tại việt nam với chất lượng tốt.
Kích thước: Khổ A4 (210 x 297mm)
Định lượng: 70gsm
Xuất xứ: Indonesia / Thái Lan
Quy cách đóng gói: 5 ream /thùng
Ứng dụng: in văn bản, tài liệu, hợp đồng, photocopy
Trọng lượng: Khoản 2kg /ream, 10kg /thùng
Nếu khách hàng KHÔNG lấy hóa đơn, Giấy A4 giảm thêm 2.000, Giấy A3 giảm 5.000 trên đơn giá có VAT
Thị trường biến động nên Giá bán sẽ cập nhật theo thời giá.
Quý khách vui lòng Liên hệ để đ"
banhat,5215,Giấy Excel A3 70 gsm,GINEXCELA370,https://vanphongphambanhat.com.vn/san-pham/giay-excel-a3-70gsm/,116000,128000,116000,True,giay-in-photo|giay-a3|giay-in-van-phong,Giấy In - Photo|Giấy A3|GIẤY IN VĂN PHÒNG,A3,70,Còn hàng,https://vanphongphambanhat.com.vn/wp-content/uploads/2019/11/giay-in-excel-a3-gia-re.png,"Giấy in giá rẻ Excel A3 70 gsm
là giấy in của Indo / Thái và được đóng gói cẩn thận tại việt nam.
Kích thước: Khổ A3 (297 x 420 mm)
Định lượng: 70gsm
Xuất xứ: Indonesia / Thái Lan
Quy cách đóng gói: 5 ream /thùng
Ứng dụng: in văn bản, tài liệu, hợp đồng, photocopy
Trọng lượng: Khoản 4kg /ream, 20kg /thùng
Nếu khách hàng KHÔNG lấy hóa đơn, Giấy A4 giảm thêm 2.000, Giấy A3 giảm 5.000 trên đơn giá có VAT
Thị trường biến động nên Giá bán có thể thay đổi theo thời giá.
Quý khách vui lòng Liên hệ để đ"
banhat,5227,Giấy Excel A5 80 gsm,GINEXCELA580,https://vanphongphambanhat.com.vn/san-pham/giay-excel-a5-80/,33500,35000,33500,True,giay-in-photo|giay-a5|giay-in-van-phong,Giấy In - Photo|Giấy A5|GIẤY IN VĂN PHÒNG,A5,80,Còn hàng,https://vanphongphambanhat.com.vn/wp-content/uploads/2019/10/giay-in-excel-gia-re-1.png,"Giấy in Excel A5 80 gsm
được nhập khẩu từ Indo /Thái và đóng gói tại Việt Nam với chất lượng tốt đáp ứng mọi nhu cầu in ấn.
Kích thước: Khổ A5 (148 x 210 mm)
Định lượng: 80gsm
Xuất xứ: Indonesia / Thái Lan
Quy cách đóng gói: 10 ream /thùng
Ứng dụng: in văn bản, tài liệu, hợp đồng, photocopy
Trọng lượng: Khoản 1.2kg /ream, 12kg /thùng
Nếu khách hàng KHÔNG lấy hóa đơn, Giấy A4 giảm thêm 2.000, Giấy A3 giảm 5.000 trên đơn giá có VAT"
banhat,5425,GIẤY A4 NATURAL 70,,https://vanphongphambanhat.com.vn/san-pham/giay-a4-natural-70/,62000,66000,62000,True,giay-in-photo|giay-a4|giay-in-van-phong,Giấy In - Photo|Giấy A4|GIẤY IN VĂN PHÒNG,A4,,Còn hàng,https://vanphongphambanhat.com.vn/wp-content/uploads/2019/05/natutan-1.jpg,"Giấy A4 Natural 70
được sản xuất từ nguyên liệu bột gỗ, bột giấy tốt. Từ đó   sản phẩm giấy dày, trắng, đẹp, có độ sắc nét cao, trở thành một trong những dòng giấy in cao cấp được nhiều trường học, công ty, các cơ quan, tập đoàn,… ưa chuộng và tin dùng.
Công Ty Văn Phòng Phẩm Ba Nhất Là Đại Lý Phân Phối Các Loại Giấy In Nội Ngoại Nhập Với Chất Lượng Tốt – Giá Bình Dân.
Nếu khách hàng KHÔNG lấy hóa đơn, Giấy A4 giảm thêm 2.000, Giấy A3 giảm 5.000 trên đơn giá có VAT
Thị trường biến động nên Giá b"
banhat,5732,Giấy Double A A4 70 gsm,GINDOUBLEA470,https://vanphongphambanhat.com.vn/san-pham/giay-double-a-a4-70/,75000,80000,75000,True,giay-in-photo|giay-a4|giay-in-van-phong,Giấy In - Photo|Giấy A4|GIẤY IN VĂN PHÒNG,A4,70,Còn hàng,https://vanphongphambanhat.com.vn/wp-content/uploads/2019/12/giay-in-double-a-a4-70-gsm.png,"Giấy A4 Double A 70 gsm cao cấp
Kích thước: Khổ A4 (210 x 297mm)
Định lượng: 70gsm
Số lượng: 500 tờ
Giấy màu: Trắng đạt chuẩn (từ 86% ISO; 148-151 CIE)
Xuất xứ: Thái Lan
Quy cách đóng gói: 500 tờ /ream, 5 ream /thùng
Ứng dụng: in văn bản, tài liệu, hợp đồng, photocopy
Trọng lượng: Khoản 2kg /ream, 10kg /thùng
Nếu khách hàng KHÔNG lấy hóa đơn, Giấy A4 giảm thêm 2.000, Giấy A3 giảm 5.000 trên đơn giá có VAT
Thị trường biến động nên Giá bán sẽ cập nhật theo thời giá.
Quý khách vui lòng Liên hệ để đ"
banhat,5735,Giấy A3 Double A 70gsm,GINDOUBLEA370,https://vanphongphambanhat.com.vn/san-pham/giay-a3-double-a-70gsm/,150000,150000,150000,False,giay-in-photo|giay-a3|giay-in-van-phong,Giấy In - Photo|Giấy A3|GIẤY IN VĂN PHÒNG,A3,70,Còn hàng,https://vanphongphambanhat.com.vn/wp-content/uploads/2020/01/giay-double-a-a3-70gsm-chinh-hang-vpp-ba-nhat.jpg,"Giấy A3 Double A 70gsm
là sản phẩm giấy in cao cấp nhập khẩu từ Thái Lan.
Kích thước: Khổ A3 (297 x 420 mm)
Định lượng: 70gsm
Giấy màu: Trắng
Xuất xứ: Thái Lan
Quy cách đóng gói: 500 tờ /ream, 5 ream /thùng
Ứng dụng: in văn bản, tài liệu, hợp đồng, photocopy
Trọng lượng: Khoản 4kg /ream, 20kg /thùng
Nếu khách hàng KHÔNG lấy hóa đơn, Giấy A4 giảm thêm 2.000, Giấy A3 giảm 5.000 trên đơn giá có VAT
Thị trường biến động nên Giá bán có thể thay đổi theo thời giá.
Quý khách vui lòng Liên hệ để được Bá"
banhat,5736,Giấy Quality A4 80 gsm,GINQUALITYA480,https://vanphongphambanhat.com.vn/san-pham/giay-a4-quality-80/,70000,75000,70000,True,giay-in-photo|giay-a4|giay-in-van-phong,Giấy In - Photo|Giấy A4|GIẤY IN VĂN PHÒNG,A4,80,Còn hàng,https://vanphongphambanhat.com.vn/wp-content/uploads/2019/12/giay-a4-80-quality-1.png,"Giấy in A4 QUALITY 80gsm giá rẻ chất lượng cao
Kích thước: Khổ A4 (210 x 297mm)
Định lượng: 80gsm
Số lượng: 500 tờ
Xuất xứ: Thái Lan
Quy cách đóng gói: 500 tờ /ream, 5 ream /thùng
Ứng dụng: in văn bản, tài liệu, hợp đồng, photocopy
Trọng lượng: Khoản 2.4kg /ream, 12kg /thùng
Nếu khách hàng KHÔNG lấy hóa đơn, Giấy A4 giảm thêm 2.000, Giấy A3 giảm 5.000 trên đơn giá có VAT
Thị trường biến động nên Giá bán sẽ cập nhật theo thời giá.
Quý khách vui lòng Liên hệ để được Báo giá tốt nhất và chính xác t"
banhat,5739,Giấy Quality A3 80 gsm,GINQUALITYA380,https://vanphongphambanhat.com.vn/san-pham/giay-quality-a3-80/,145000,160000,145000,True,giay-in-photo|giay-a3|giay-in-van-phong,Giấy In - Photo|Giấy A3|GIẤY IN VĂN PHÒNG,A3,80,Còn hàng,https://vanphongphambanhat.com.vn/wp-content/uploads/2020/01/giay-in-quality-A3-80-gsm-vpp-ba-nhat.jpg,"Giấy in Quality A3 80 gsm chất lượng cao nhập khẩu Thái Lan
Kích thước: Khổ A3 (297 x 420 mm)
Định lượng: 80gsm
Số lượng: 500 tờ
Xuất xứ: Thái Lan
Quy cách đóng gói: 500 tờ /ream, 5 ream /thùng
Ứng dụng: in văn bản, tài liệu, hợp đồng, photocopy
Trọng lượng: Khoảng 4.8kg /ream, 24kg /thùng
Nếu khách hàng KHÔNG lấy hóa đơn, Giấy A4 giảm thêm 2.000, Giấy A3 giảm 5.000 trên đơn giá có VAT
Thị trường biến động nên Giá bán có thể thay đổi theo thời giá.
Quý khách vui lòng Liên hệ để được Báo giá tốt "
banhat,5740,Giấy Quality A5 80 gsm,GINQUALITYA580,https://vanphongphambanhat.com.vn/san-pham/giay-quality-a5-80/,36000,40000,36000,True,giay-in-photo|giay-a5|giay-in-van-phong,Giấy In - Photo|Giấy A5|GIẤY IN VĂN PHÒNG,A5,80,Còn hàng,https://vanphongphambanhat.com.vn/wp-content/uploads/2019/05/giay-quality-80-1.jpg,"Giấy in A5 Quality 80gsm giá rẻ chất lượng tốt nhập khẩu Thái Lan
Kích thước: Khổ A5 (148 x 210 mm)
Định lượng: 80gsm
Số lượng: 500 tờ
Xuất xứ: Thái Lan
Quy cách đóng gói: 500 tờ /ream, 10 ream /thùng
Ứng dụng: in văn bản, tài liệu, hợp đồng, photocopy
Trọng lượng: Khoảng 1.2kg /ream, 12kg /thùng
Nếu khách hàng KHÔNG lấy hóa đơn, Giấy A4 giảm thêm 2.000, Giấy A3 giảm 5.000 trên đơn giá có VAT"
banhat,5741,Giấy A4 Paper One 70 gsm,GINPAPERONEA470,https://vanphongphambanhat.com.vn/san-pham/giay-a4-paper-one-70-gsm/,68500,75000,68500,True,giay-in-photo|giay-a4|giay-in-van-phong,Giấy In - Photo|Giấy A4|GIẤY IN VĂN PHÒNG,A4,70,Còn hàng,https://vanphongphambanhat.com.vn/wp-content/uploads/2020/01/TK-A4paperone.jpg,"Giấy A4 Paper one 70 gsm
đ
ược đóng gói và nhập khẩu trực tiếp từ Indonesia nên sản phẩm này luôn có chất lượng ổn định, các nét chữ được in trên giấy vô cùng rõ nét, dễ đọc mà không bị mờ hay nhòe chữ.
Hãy bấm gọi ngay cho hotline của Ba Nhất để được báo giá tốt nhất!
Nếu khách hàng KHÔNG lấy hóa đơn, Giấy A4 giảm thêm 2.000, Giấy A3 giảm 5.000 trên đơn giá có VAT
Thị trường biến động nên Giá bán có thể thay đổi theo thời giá.
Quý khách vui lòng Liên hệ để được Báo giá tốt nhất và chính xác tại"
banhat,5745,Giấy Vệ Sinh An An,GVSANAN,https://vanphongphambanhat.com.vn/san-pham/giay-ve-sinh-an-an/,36000,39000,36000,True,giay-ve-sinh,Giấy Vệ Sinh,,,Còn hàng,https://vanphongphambanhat.com.vn/wp-content/uploads/2019/12/an-an.jpg,"Giấy vệ sinh An An
là sản phẩm có hương thơm nhẹ nhàng, nó luôn có tác dụng cao đem lại sự sảng khoái cho người tiêu dùng khi sử dụng sản phẩm cao cấp này.
Mặt giấy được dập nổi hoa văn uốn lượn, hoa hồng 5 cánh và hình cánh bướm giúp tăng tính thẩm mỹ cho sản phẩm giấy vệ sinh này.
Sản phẩm này hiện đang được bày bán ở khắp mọi nơi và nó được phân phối bởi văn phòng phẩm Ba Nhất."
banhat,5748,GIẤY VỆ SINH PULPPY,GVSPUPY,https://vanphongphambanhat.com.vn/san-pham/giay-ve-sinh-pulppy/,80000,80000,80000,False,giay-ve-sinh,Giấy Vệ Sinh,,,Còn hàng,https://vanphongphambanhat.com.vn/wp-content/uploads/2019/12/giay-ve-sinh-pulppy-van-phong-pham-ba-nhat.jpg,"Giấy vệ sinh Pulppy được
lựa chọn nguyên liệu 100% bột giấy nguyên sinh không pha các tạp chất đến công thức cải tiến mới giúp giấy mềm mịn, dai hơn, thấm hút tốt hơn và không có mùi khi sử dụng. Hiện nay giấy còn được áp dụng kỹ thuật ép hoa văn tiên tiến mang lại giá trị thẩm mĩ cao khi sử dụng"
banhat,5753,Giấy vệ sinh Bless you,GVSBLESSYOU,https://vanphongphambanhat.com.vn/san-pham/giay-ve-sinh-bless-you/,78000,79000,78000,True,giay-ve-sinh|nhu-yeu-pham,Giấy Vệ Sinh|NHU YẾU PHẨM,,,Còn hàng,https://vanphongphambanhat.com.vn/wp-content/uploads/2019/12/giay-ve-sinh-bless-you-1.png,"Giấy vệ Sinh Bless you
có độ mềm mại, dai và không có bụi khi sử dụng giấy.
T
hương hiệu:
Bless you
Chất liệu: 100% bột giấy nguyên thủy
Sản Xuất:
Việt Nam
Số cuộn:
10 cuộn
Số lớp:
2 lớp"
banhat,5759,GIẤY NOTE 5 MÀU GIẤY PRONOTI,N5MGPRO40434,https://vanphongphambanhat.com.vn/san-pham/giay-note-5-mau-giay-pronoti/,13000,13000,13000,False,giay-note-phan-trang,Giấy Note - Phân Trang,,,Còn hàng,https://vanphongphambanhat.com.vn/wp-content/uploads/2019/12/van-phong-pham-giay-note-pronoti-5-mau.jpg,"Giấy Note 5 Màu Giấy Pronoti đ
ược ra đời với chất lượng vượt trội: bề mặt mịn,, không có bột giấy, viết rất êm tay; giấy bắt mực tốt, cho ra thành phẩm chữ viết rất đẹp mắt và rõ ràng, không bị nhòe mực. Hơn nữa, giấy giữ được màu rất lâu, không bị phai trong một thời gian dài."
banhat,5763,Giấy Note 4 Màu Pronoti,N4MPRO07124,https://vanphongphambanhat.com.vn/san-pham/giay-note-4-mau-pronoti/,16000,16000,16000,False,giay-note-phan-trang,Giấy Note - Phân Trang,,,Còn hàng,https://vanphongphambanhat.com.vn/wp-content/uploads/2019/12/van-phong-pham-giay-note-pronoti-4-mau.jpg,"Giấy Note 4 Màu Pronoti
oại giấy note đặc biệt có lớp keo bám rất chắc, không bong tróc, bạn có thể dễ dàng tháo ra và dán lại nhiều lần mà không bị hỏng lớp keo.
Chính lớp keo chắc chắn ấy giúp bạn có thể dán tờ giấy note lên các bề mặt như kính, gỗ, thủy tinh, kim loại,…Bạn có thể đến Văn phòng phẩm Ba Nhất để được tư vấn và tìm mua sản phẩm tốt nhất với giá ưu đãi nhất nhé !"
banhat,5765,Giấy Note 5 Màu Nhựa Double A,NOTE5ND,https://vanphongphambanhat.com.vn/san-pham/giay-note-5-mau-nhua-double-a/,10300,12000,10300,True,giay-note-phan-trang,Giấy Note - Phân Trang,,,Còn hàng,https://vanphongphambanhat.com.vn/wp-content/uploads/2020/01/note-5-mau-nhua-double-a.jpg,"Giấy note 5 màu nhựa Double A có thiết kế màu sắc bắt mắt, gây chú ý, lớp keo dán chắc chắn có thể dán lên mọi bề mặt như mặt bàn, ti vi, tủ lạnh, màn hình máy tính… đảm bảo thông tin luôn được dễ dàng nhìn thấy nhất.
Giấy note 5 màu nhựa Double A được phân phối bởi văn phòng phẩm Ba Nhất. Giá của giấy note 5 màu nhựa Double A tại Văn phòng phẩm Ba Nhất rất hợp lý và có thể dùng được một thời gian dài giúp bạn ghi chú nhanh các thông tin."
banhat,5767,Giấy A3 Double A 80gsm,GINDOUBLEA380,https://vanphongphambanhat.com.vn/san-pham/giay-a3-double-a-80gsm/,178000,185000,178000,True,giay-in-photo|giay-a3|giay-in-van-phong,Giấy In - Photo|Giấy A3|GIẤY IN VĂN PHÒNG,A3,80,Còn hàng,https://vanphongphambanhat.com.vn/wp-content/uploads/2020/01/giay-in-double-a-a3-1.png,"Giấy A3 Double A 80gsm cao cấp
Kích thước:  Khổ A3 (297 x 420 mm)
Định lượng: 80gsm
Số lượng: 500 tờ
Giấy màu: Trắng đạt chuẩn (từ 86% ISO; 148-151 CIE)
Xuất xứ: Thái Lan
Quy cách đóng gói: 500 tờ /ream, 5 ream /thùng
Ứng dụng: in văn bản, tài liệu, hợp đồng, photocopy
Trọng lượng: Khoản 4.8kg /ream, 24kg /thùng
Nếu khách hàng KHÔNG lấy hóa đơn, Giấy A4 giảm thêm 2.000, Giấy A3 giảm 5.000 trên đơn giá có VAT
Thị trường biến động nên Giá bán có thể thay đổi theo thời giá.
Quý khách vui lòng Liên "
banhat,5770,Giấy A5 Double A 70gsm,GINDOUBLEA570,https://vanphongphambanhat.com.vn/san-pham/giay-a5-double-a-70gsm/,38500,40000,38500,True,giay-in-photo|giay-a5|giay-in-van-phong,Giấy In - Photo|Giấy A5|GIẤY IN VĂN PHÒNG,A5,70,Còn hàng,https://vanphongphambanhat.com.vn/wp-content/uploads/2020/01/giay-double-a-a5-70gsm-vpp-ba-nhat.jpg,"Giấy in A5 Double A 70gsm cao cấp
Kích thước: Khổ A5 (148 x 210 mm)
Định lượng: 70gsm
Số lượng: 500 tờ
Thương hiệu: Double A
Xuất xứ: Thái Lan
Quy cách đóng gói: 500 tờ /ream, 10 ream /thùng
Ứng dụng: in văn bản, tài liệu, hợp đồng, photocopy
Trọng lượng: Khoản 1kg /ream, 10kg /thùng.
Nếu khách hàng KHÔNG lấy hóa đơn, Giấy A4 giảm thêm 2.000, Giấy A3 giảm 5.000 trên đơn giá có VAT"
banhat,5771,GIẤY THAN KOKUSAI – CARBON PAPER,GTHANKOKUSAI,https://vanphongphambanhat.com.vn/san-pham/giay-than-kokusai/,85000,91000,85000,True,giay-than,"Giấy Niêm Phong, Giấy Than",,,Còn hàng,https://vanphongphambanhat.com.vn/wp-content/uploads/2019/12/van-phong-pham-giay-than-kokusai.jpg,"GIẤY THAN KOKUSAI – CARBON PAPER l
à loại giấy mỏng dùng được nhiều lần. Chất liệu giấy rất dai, bền đẹp. Sử dụng giấy cho văn bản rõ nét, không nhòe, không tạo ra sai số.
Chỉ cần viết như bình thường thì lực từ cây bút sẽ ấn xuống văn bản gốc và qua giấy than là ta sẽ có một bản sao y chang sắc nét ở tờ giấy bên dưới, rất dễ sử dụng."
banhat,5777,Giấy A4 Supreme 70 gsm,GISUPREMEA470,https://vanphongphambanhat.com.vn/san-pham/giay-a4-supreme-70-gsm/,62000,65000,62000,True,giay-in-photo|giay-a4|giay-in-van-phong,Giấy In - Photo|Giấy A4|GIẤY IN VĂN PHÒNG,A4,70,Còn hàng,https://vanphongphambanhat.com.vn/wp-content/uploads/2020/01/giay-in-supreme-e1595825366519.png,"Giấy in A4 SUPREME 70gsm chính hãng nhập từ Thái Lan
Kích thước: Khổ A4 (210 x 297mm)
Định lượng: 70gsm
Số lượng: 500 tờ
Xuất xứ: Thái Lan
Quy cách đóng gói: 500 tờ /ream, 5 ream /thùng
Ứng dụng: in văn bản, tài liệu, hợp đồng, photocopy
Trọng lượng: Khoản 2kg /ream, 10kg /thùng
Nếu khách hàng không lấy hóa đơn Giấy A4 giảm 2.000, Giấy A3 giảm 5.000 trên đơn giá có VAT.
Thị trường biến động nên Giá bán sẽ cập nhật theo thời giá.
Quý khách vui lòng Liên hệ để được Báo giá tốt nhất và chính xác tạ"
banhat,5780,Giấy A4 Paper One 80 gsm,GINPAPERONEA480,https://vanphongphambanhat.com.vn/san-pham/giay-a4-paper-one-80-gsm/,79000,82000,79000,True,giay-in-photo|giay-a4|giay-in-van-phong,Giấy In - Photo|Giấy A4|GIẤY IN VĂN PHÒNG,A4,80,Còn hàng,https://vanphongphambanhat.com.vn/wp-content/uploads/2019/12/van-phong-pham-giay-in-paper-one-a4-80-gsm-e1595831573491.jpg,"Giấy in Paper One A4 80 gsm chất lượng cao nhập khẩu Indo
Kích thước: Khổ A4 (210 x 297mm)
Định lượng: 80gsm
Số lượng: 500 tờ
Xuất xứ: Indonesia
Quy cách đóng gói: 500 tờ /ream, 5 ream /thùng
Ứng dụng: in văn bản, tài liệu, hợp đồng, photocopy
Trọng lượng: Khoản 2.4kg /ream, 12kg /thùng
Nếu khách hàng KHÔNG lấy hóa đơn, Giấy A4 giảm thêm 2.000, Giấy A3 giảm 5.000 trên đơn giá có VAT
Thị trường biến động nên Giá bán sẽ cập nhật theo thời giá.
Quý khách vui lòng Liên hệ để được Báo giá tốt nhất và"
banhat,5783,Giấy A4 Double A 80 gsm,GINDOUBLEA480,https://vanphongphambanhat.com.vn/san-pham/giay-a4-double-a-80/,89000,97000,89000,True,giay-in-photo|giay-a4|giay-in-van-phong,Giấy In - Photo|Giấy A4|GIẤY IN VĂN PHÒNG,A4,80,Còn hàng,https://vanphongphambanhat.com.vn/wp-content/uploads/2020/01/giay-in-double-a-a4-80-gsm-e1595825921354.png,"Giấy in A4 Double A 80 gsm cao cấp
Kích thước: Khổ A4 (210 x 297mm)
Định lượng: 80gsm
Số lượng: 500 tờ
Xuất xứ: Thái Lan
Quy cách đóng gói: 500 tờ /ream, 5 ream /thùng
Ứng dụng: in văn bản, tài liệu, hợp đồng, photocopy
Trọng lượng: Khoản 2.4kg /ream, 12kg /thùng
Nếu khách hàng KHÔNG lấy hóa đơn, Giấy A4 giảm thêm 2.000, Giấy A3 giảm 5.000 trên đơn giá có VAT
Thị trường biến động nên Giá bán sẽ cập nhật theo thời giá.
Quý khách vui lòng Liên hệ để được Báo giá tốt nhất và chính xác tại thời điểm"
banhat,5785,Giấy A4 idea 70gsm,GINIDEAA470,https://vanphongphambanhat.com.vn/san-pham/giay-a4-idea-70gsm/,66000,68000,66000,True,giay-in-photo|giay-a4|giay-in-van-phong,Giấy In - Photo|Giấy A4|GIẤY IN VĂN PHÒNG,A4,70,Còn hàng,https://vanphongphambanhat.com.vn/wp-content/uploads/2020/01/giay-in-idea-a4-70.png,"Giấy in A4 IDEA 70gsm cao cấp nhập khẩu Thái Lan
Kích thước: Khổ A4 (210 x 297mm)
Định lượng: 70gsm
Số lượng: 500 tờ
Xuất xứ: Thái Lan
Quy cách đóng gói: 500 tờ /ream, 5 ream /thùng
Ứng dụng: in văn bản, tài liệu, hợp đồng, photocopy
Trọng lượng: Khoản 2kg /ream, 10kg /thùng
Nếu khách hàng KHÔNG lấy hóa đơn, Giấy A4 giảm thêm 2.000, Giấy A3 giảm 5.000 trên đơn giá có VAT
Thị trường biến động nên Giá bán sẽ cập nhật theo thời giá.
Quý khách vui lòng Liên hệ để được Báo giá tốt nhất và chính xác t"
banhat,5787,Giấy Idea A4 80 gsm,GINIDEAA480,https://vanphongphambanhat.com.vn/san-pham/giay-idea-a4-80/,75000,80000,75000,True,giay-in-photo|giay-a4|giay-in-van-phong,Giấy In - Photo|Giấy A4|GIẤY IN VĂN PHÒNG,A4,80,Còn hàng,https://vanphongphambanhat.com.vn/wp-content/uploads/2020/01/giay-in-idea-a4-80.png,"Giấy in A4 IDEA 80gsm cao cấp nhập khẩu từ Thái Lan
Kích thước: Khổ A4 (210 x 297mm)
Định lượng: 80gsm
Số lượng: 500 tờ
Xuất xứ: Thái Lan
Quy cách đóng gói: 500 tờ /ream, 5 ream /thùng
Ứng dụng: in văn bản, tài liệu, hợp đồng, photocopy
Trọng lượng: Khoản 2.4kg /ream, 12kg /thùng
Nếu khách hàng KHÔNG lấy hóa đơn, Giấy A4 giảm thêm 2.000, Giấy A3 giảm 5.000 trên đơn giá có VAT
Thị trường biến động nên Giá bán sẽ cập nhật theo thời giá.
Quý khách vui lòng Liên hệ để được Báo giá tốt nhất và chính "
banhat,5790,Giấy IK Plus A4 70 gsm,GINIKPLUSA470,https://vanphongphambanhat.com.vn/san-pham/giay-ik-plus-a4-70/,65500,75000,65500,True,giay-in-photo|giay-a4|giay-in-van-phong,Giấy In - Photo|Giấy A4|GIẤY IN VĂN PHÒNG,A4,70,Còn hàng,https://vanphongphambanhat.com.vn/wp-content/uploads/2019/12/van-phong-pham-giay-in-ik-plus-a4-70gsm.jpg,"Giấy in A4 IK PLUS 70gsm cao cấp nhập khẩu từ Indo
Kích thước: Khổ A4 (210 x 297mm)
Định lượng: 70gsm
Số lượng: 500 tờ
Xuất xứ: Indonesia
Quy cách đóng gói: 500 tờ /ream, 5 ream /thùng
Ứng dụng: in văn bản, tài liệu, hợp đồng, photocopy
Trọng lượng: Khoảng 2kg /ream, 10kg /thùng
Nếu khách hàng KHÔNG lấy hóa đơn, Giấy A4 giảm thêm 2.000, Giấy A3 giảm 5.000 trên đơn giá có VAT
Thị trường biến động nên Giá bán sẽ cập nhật theo thời giá.
Quý khách vui lòng Liên hệ để được Báo giá tốt nhất và chính x"
banhat,5792,Giấy IK Plus A4 80 gsm,GINIKPLUSA480,https://vanphongphambanhat.com.vn/san-pham/giay-ik-plus-a4-80/,76500,83000,76500,True,giay-in-photo|giay-a4|giay-in-van-phong,Giấy In - Photo|Giấy A4|GIẤY IN VĂN PHÒNG,A4,80,Còn hàng,https://vanphongphambanhat.com.vn/wp-content/uploads/2019/12/van-phong-pham-giay-in-ik-plus-80.jpg,"Giấy in A4 IK PLUS 80gsm cao cấp nhập khẩu Indo
Kích thước: Khổ A4 (210 x 297mm)
Định lượng: 80gsm
Số lượng: 500 tờ
Xuất xứ: Indonesia
Quy cách đóng gói: 500 tờ /ream, 5 ream /thùng
Ứng dụng: in văn bản, tài liệu, hợp đồng, photocopy
Trọng lượng: Khoản 2.4kg /ream, 12kg /thùng
Nếu khách hàng KHÔNG lấy hóa đơn, Giấy A4 giảm thêm 2.000, Giấy A3 giảm 5.000 trên đơn giá có VAT
Thị trường biến động nên Giá bán sẽ cập nhật theo thời giá.
Quý khách vui lòng Liên hệ để được Báo giá tốt nhất và chính xác"
banhat,5800,Giấy in Quality a3 70 gsm,GINQUALITYA370,https://vanphongphambanhat.com.vn/san-pham/giay-in-quality-a3-70/,122000,132000,122000,True,giay-in-photo|giay-a3|giay-in-van-phong,Giấy In - Photo|Giấy A3|GIẤY IN VĂN PHÒNG,A3,70,Còn hàng,https://vanphongphambanhat.com.vn/wp-content/uploads/2020/01/giay-in-a3-70-quality.png,"Giấy A3 Quality 70gsm cao cấp nhập khẩu Thái Lan
Kích thước: Khổ A3 (297 x 420 mm)
Định lượng: 70gsm
Số lượng: 500 tờ
Xuất xứ: Thái Lan
Quy cách đóng gói: 500 tờ /ream, 5 ream /thùng
Ứng dụng: in văn bản, tài liệu, hợp đồng, photocopy
Trọng lượng: Khoảng 4kg /ream, 20kg /thùng
Nếu khách hàng KHÔNG lấy hóa đơn, Giấy A4 giảm thêm 2.000, Giấy A3 giảm 5.000 trên đơn giá có VAT
Thị trường biến động nên Giá bán có thể thay đổi theo thời giá.
Quý khách vui lòng Liên hệ để được Báo giá tốt nhất và chính"
banhat,5802,Giấy in Emerald A5 70,GINEMERALDA570,https://vanphongphambanhat.com.vn/san-pham/giay-in-emerald-a5-70/,31000,32000,31000,True,giay-in-photo|giay-a5|giay-in-van-phong,Giấy In - Photo|Giấy A5|GIẤY IN VĂN PHÒNG,A5,,Còn hàng,https://vanphongphambanhat.com.vn/wp-content/uploads/2020/01/giay-in-emerald-2.png,"Giấy in Emerald A5 70
được đánh giá là sản phẩm có c
hất lượng giấy tốt bởi chất liệu bột giấy với kích thước siêu nhỏ, giúp giấy láng mịn và trơn, không bị thô ráp như giấy cắt, định lượng giấy là 70gsm chính xác, số lượng tờ đủ tuyệt đối theo như công bố của nhà sản xuất.
Nếu khách hàng KHÔNG lấy hóa đơn, Giấy A4 giảm thêm 2.000, Giấy A3 giảm 5.000 trên đơn giá có VAT"
banhat,5803,Giấy Paper One A3 70 gsm,GINPAPERONEA370,https://vanphongphambanhat.com.vn/san-pham/giay-a3-paper-one-70/,137000,145000,137000,True,giay-in-photo|giay-a3|giay-in-van-phong,Giấy In - Photo|Giấy A3|GIẤY IN VĂN PHÒNG,A3,70,Còn hàng,https://vanphongphambanhat.com.vn/wp-content/uploads/2019/12/paper-one-a3-70-1.png,"Giấy in Paper one A3 70 gsm là sản phẩm cao cấp nhập khẩu Indo
Kích thước: Khổ A3 (297 x 420 mm)
Định lượng: 70gsm
Số lượng: 500 tờ
Xuất xứ: Indonesia
Quy cách đóng gói: 500 tờ /ream, 5 ream /thùng
Ứng dụng: in văn bản, tài liệu, hợp đồng, photocopy
Trọng lượng: Khoảng 4kg /ream, 20kg /thùng
Nếu khách hàng KHÔNG lấy hóa đơn, Giấy A4 giảm thêm 2.000, Giấy A3 giảm 5.000 trên đơn giá có VAT
Thị trường biến động nên Giá bán có thể thay đổi theo thời giá.
Quý khách vui lòng Liên hệ để được Báo giá tố"
banhat,5805,Giấy note trình ký Sign here 680-9,SIGNHERE,https://vanphongphambanhat.com.vn/san-pham/giay-note-trinh-ky-sign-here/,35000,40000,35000,True,giay-note-phan-trang|giay-in-van-phong,Giấy Note - Phân Trang|GIẤY IN VĂN PHÒNG,,,Còn hàng,https://vanphongphambanhat.com.vn/wp-content/uploads/2019/12/giay-note-trinh-ky-sign-here-2.jpg,"Bất kể trong công việc hay trong học tập thì bạn đều có hàng tá thứ nhỏ to cần phải nhớ và phải làm. Không biết bạn đã bao giờ quên béng đi việc quan trọng mình cần làm mà không thể nào nhớ lại chưa? Với
giấy note trình ký Sign here
, bạn chỉ cần quẳng mối lo “não cá vàng” đi mà sống."
banhat,5806,Giấy note 4 màu Suremark,NOTE4MAUSUREMARKSQ6670,https://vanphongphambanhat.com.vn/san-pham/giay-note-4-mau-2x5cm-suremark/,14500,16000,14500,True,giay-note-phan-trang|giay-in-van-phong,Giấy Note - Phân Trang|GIẤY IN VĂN PHÒNG,,,Còn hàng,https://vanphongphambanhat.com.vn/wp-content/uploads/2019/12/giay-note-4-mau-suremark-sq6670-1.png,"Giấy note 4 màu 2x5cm Suremark
Mã sản phẩm: SQ-6670
Xuất sứ : Việt Nam.
Đơn vị tính: Xấp"
banhat,5807,Phân trang giấy 10 màu,,https://vanphongphambanhat.com.vn/san-pham/phan-trang-giay-10-mau/,1,1,1,False,giay-note-phan-trang,Giấy Note - Phân Trang,,,Còn hàng,https://vanphongphambanhat.com.vn/wp-content/uploads/2020/01/phan-trang-giay-10-so-1.png,"Bìa phân trang giấy 10 màu
là sản phẩm được người tiêu dùng yêu thích với đặc tính tuyệt vời giúp phân trang cũng như quản lý các loại hồ sơ, một cách gọn gàng. Công việc sẽ đạt hiệu quả cao hơn khi có những công cụ như thế này hỗ trợ đắc lực trong việc giải quyết, sắp xếp mọi dữ liệu với số lượng lớn."
banhat,5808,Giấy Than Horse,GTHANHORES4400,https://vanphongphambanhat.com.vn/san-pham/giay-than-horse/,90000,91000,90000,True,giay-than|giay-in-van-phong,"Giấy Niêm Phong, Giấy Than|GIẤY IN VĂN PHÒNG",,,Còn hàng,https://vanphongphambanhat.com.vn/wp-content/uploads/2019/12/giay-than-horse.png,"Giấy than horse
hẳn là một cái tên không hề xa lạ với với các bạn. Giấy than hose không chỉ sử dụng trong máy fax, máy in mà còn được dùng làm các hóa đơn được sử dụng tại các ngân hàng, các cơ sở kinh doanh…cho ra các bản sao chất lượng rõ nét và đều màu."
banhat,5809,Giấy liên tục 210 x 279 1 liên,GLT210X2791L,https://vanphongphambanhat.com.vn/san-pham/giay-lien-tuc-210-x-279-1-lien/,240000,270000,240000,True,giay-lien-tuc|giay-in-van-phong,Giấy In Liên Tục|GIẤY IN VĂN PHÒNG,,,Còn hàng,https://vanphongphambanhat.com.vn/wp-content/uploads/2019/12/giay-in-lien-tuc-1-lien-lien-son-1.png,"Giấy liên tục 210 x 279 1 liên
thường được sử dụng như hóa đơn, phiếu xuất, phiếu thu chi cùng các loại giấy tờ, biểu mẫu khác. Là loại giấy không thể thiếu trong các cửa hàng, đặc biệt là khi bạn sử dụng máy in kim. Đây là loại giấy được đánh giá là có chất lượng cao. Nguyên liệu làm giấy và quy trình sản xuất khép kín và không gây hại tới thiên nhiên."
banhat,5810,Giấy Than Gstar,GTHANGSTAR,https://vanphongphambanhat.com.vn/san-pham/giay-than-gstar/,82000,82000,82000,False,giay-than|giay-in-van-phong,"Giấy Niêm Phong, Giấy Than|GIẤY IN VĂN PHÒNG",,,Còn hàng,https://vanphongphambanhat.com.vn/wp-content/uploads/2019/12/h4h4h.png,"Giấy Than Gstar
Xuất xứ: Mỹ.
Nhà sản xuất: G. Start.
Màu sắc: Xanh dương, đen.
Đơn vị bán: Hộp.
Kích thước: 21*33cm.
Đặc điểm: Dùng để sao chép tài liệu, chứng từ.
Đóng gói: 100 tờ/1 tập."
banhat,5811,Giấy Niêm Phong,GNIEMPHONG,https://vanphongphambanhat.com.vn/san-pham/giay-niem-phong/,18000,20000,18000,True,giay-than|giay-in-van-phong,"Giấy Niêm Phong, Giấy Than|GIẤY IN VĂN PHÒNG",,,Còn hàng,https://vanphongphambanhat.com.vn/wp-content/uploads/2019/12/giay-niem-phong-pelure-gia-re-vpp-ba-nhat.jpg,"Giấy niêm phong
Tên sản phẩm: Giấy niêm phong.
Quy cách: Khổ A4.
Đóng gói: 100 tờ / 1 xấp
Đơn vị tính: Tập.
Xuất xứ: Việt Nam."
banhat,5812,GIẤY LIÊN TỤC 210 x 279 1 LIÊN CHIA,GLT210X2791LCHIA,https://vanphongphambanhat.com.vn/san-pham/giay-lien-tuc-210-x-279-1-lien-chia/,240000,290000,240000,True,giay-lien-tuc|giay-in-van-phong,Giấy In Liên Tục|GIẤY IN VĂN PHÒNG,,,Còn hàng,https://vanphongphambanhat.com.vn/wp-content/uploads/2019/12/giay-in-lien-tuc-1-lien-chia-2-1.png,"Giấy Liên Tục 210 x 279
1 Liên Chia
là một trong số rất nhiều loại giấy in liên tục được sử dụng phổ biến. Giấy liên tục Liên Sơn là văn phòng phẩm thiết yếu trong các chuỗi cửa hàng, trung tâm thương mại, hay các cơ quan như bưu điện, ngân hàng…"
banhat,5814,"GIẤY LIÊN TỤC 210 X 279 LIÊN CHIA 2,3,4,5 liên",GLT210X2792L,https://vanphongphambanhat.com.vn/san-pham/giay-lien-tuc-210-x-279-lien-chia-2345-lien/,369000,390000,369000,True,giay-lien-tuc|giay-in-van-phong,Giấy In Liên Tục|GIẤY IN VĂN PHÒNG,,,Còn hàng,https://vanphongphambanhat.com.vn/wp-content/uploads/2019/12/giay-in-lien-tuc-2-3-4-5-lien-chia-1.png,"Giấy liên tục 210 x 279 liên chia
này có tính ổn định cao là mẫu giấy in liên tục có chất lượng đồng đều, không gây ngắt quãng trong quá trình in ấn đảm bảo cho công việc luôn được thuận lợi, trôi chảy."
banhat,5816,Phân Trang Nhựa 31 số,PTN31SO,https://vanphongphambanhat.com.vn/san-pham/phan-trang-nhua-31-so/,30000,35000,30000,True,giay-note-phan-trang|giay-in-van-phong,Giấy Note - Phân Trang|GIẤY IN VĂN PHÒNG,,,Còn hàng,https://vanphongphambanhat.com.vn/wp-content/uploads/2019/12/bia-phan-trang-nhua-31-so-1.jpg,"Bìa phân trang nhựa 31 số
chắc chắn sẽ là sản phẩm không thể thiếu trong bất cứ văn phòng hay các đơn vị hành chính chuyên quản lý hồ sơ của các bệnh viện, trường học nào. Sản phẩm được bày bán rất nhiều trên thị trường hiện nay và được phân phối bởi văn phòng phẩm Ba Nhất"
banhat,5817,Phân Trang Nhựa 24 Chữ,PTN24CHU,https://vanphongphambanhat.com.vn/san-pham/phan-trang-nhua-24-chu/,26000,30000,26000,True,giay-note-phan-trang,Giấy Note - Phân Trang,,,Còn hàng,https://vanphongphambanhat.com.vn/wp-content/uploads/2019/12/phan-trang-nhua-24-chu-4.jpg,"B
ìa phân trang 24 chữ cái
là sản phẩm được làm bằng nhựa mềm có độ dai và độ bền cao, bao gồm 24 chữ cái riêng biệt và được phân chia thành 24 màu khác nhau cho từng chữ."
banhat,5818,Phân Trang Nhựa 12 số,PTN12SOLD,https://vanphongphambanhat.com.vn/san-pham/phan-trang-nhua-12-so/,11000,11000,11000,False,giay-note-phan-trang|giay-in-van-phong,Giấy Note - Phân Trang|GIẤY IN VĂN PHÒNG,,,Còn hàng,https://vanphongphambanhat.com.vn/wp-content/uploads/2019/12/phan-trang-nhua-12-so-4.jpg,"Bìa phân trang
nhựa
12 số
đáp ứng được trong công việc ở nhiều môi trường như trường học, bệnh viện, kho văn thư, đơn vị hành chính quản lý nhân lực hiệu quả,…"
banhat,5819,Phân Trang Nhựa 10 số,PTN10SOLD,https://vanphongphambanhat.com.vn/san-pham/bia-phan-trang-nhua-10-so/,10400,12000,10400,True,giay-note-phan-trang|giay-in-van-phong,Giấy Note - Phân Trang|GIẤY IN VĂN PHÒNG,,,Còn hàng,https://vanphongphambanhat.com.vn/wp-content/uploads/2019/12/bia-phan-trang-nhua-10-so-1.jpg,"Phân trang nhựa 10 số
được xem là một trong những sản phẩm quen thuộc, đặc thù của công việc có liên quan đến tài liệu, dữ liệu lớn phức tạp. Chúng đóng góp vai trò quan trọng trong sự thành công, hiệu quả của công việc lẫn học tập, đây là phương pháp tối ưu được áp dụng trên nhiều lĩnh vực, môi trường khác nhau, nên có sức hấp dẫn rất lớn đối với người tiêu dùng."
banhat,5820,Phân Trang Giấy 12 số,PTG12SOPGRAND,https://vanphongphambanhat.com.vn/san-pham/bia-phan-trang-giay-12-so/,12000,18000,12000,True,giay-note-phan-trang,Giấy Note - Phân Trang,,,Còn hàng,https://vanphongphambanhat.com.vn/wp-content/uploads/2019/12/BIA-PHAN-TRANG-giay-12-SO.jpg,"Bìa
phân trang giấy 12 số
là một trong những văn phòng phẩm thiết yếu đối với công việc nhất là sắp xếp, quản lý dữ liệu, tài liệu. Công Ty Văn Phòng Phẩm Ba Nhất là đại lý phân phối các loại bìa phân trang chất lượng tốt."
banhat,5822,Phân Trang Giấy 10 số,PTG10SOPGRAND,https://vanphongphambanhat.com.vn/san-pham/phan-trang-giay-10-so/,10500,14000,10500,True,giay-note-phan-trang|giay-in-van-phong,Giấy Note - Phân Trang|GIẤY IN VĂN PHÒNG,,,Còn hàng,https://vanphongphambanhat.com.vn/wp-content/uploads/2019/12/phan-trang-giay-10-so-mau-3.jpg,"Bìa phân trang
giấy
10 số Pgrand
được ứng dụng rộng rãi trong nhiều môi trường làm việc khác nhau như. trường học, công ty, thư viện, bệnh viện, quản lý thông tin doanh nghiệp,…"
banhat,5826,GIẤY LIÊN TỤC 240 x 279 1 LIÊN,GLT240X2791L,https://vanphongphambanhat.com.vn/san-pham/giay-lien-tuc-1-lien-240x279mm/,265000,275000,265000,True,giay-lien-tuc|chua-duoc-phan-loai|giay-in-van-phong,Giấy In Liên Tục|Chưa được phân loại|GIẤY IN VĂN PHÒNG,,,Còn hàng,https://vanphongphambanhat.com.vn/wp-content/uploads/2019/12/giay-in-lien-tuc-240x279-1-lien-1.png,"Giấy liên tục
240 x 279
1 liên
đục lỗ thường được dùng nhiều
tại các cửa hàng và đại lý hàng hóa nhỏ lẻ. Với đặc tính dai, bền, ít bị gấp mép và nhăn, bề mặt giấy lại nhẵn và mịn nên khi in, mực in sẽ trải đều, bóng và đẹp."
banhat,5834,GIẤY LIÊN TỤC 240×279 2 3 4 5 LIÊN,GLT240X2792L,https://vanphongphambanhat.com.vn/san-pham/giay-lien-tuc-240x279-2-3-4-5-lien/,400000,450000,400000,True,giay-lien-tuc|giay-in-van-phong,Giấy In Liên Tục|GIẤY IN VĂN PHÒNG,,,Còn hàng,https://vanphongphambanhat.com.vn/wp-content/uploads/2019/12/giay-lien-tuc-240x279-2-3-4-5-lien-1.png,"Giấy liên tục 240×279 2 3 4 5 liên
với hàng loạt những ưu điểm mang lại cho người tiêu dùng nên sản phẩm ngày càng được bày bán nhiều trên thị trường, trên các cửa hàng văn phòng phẩm và được người tiêu dùng bình chọn là sản phẩm vừa chất lượng lại hợp lý về giá thành."
banhat,5836,GIẤY LIÊN TỤC 240×279 1 LIÊN CHIA,GLT240X2791LCHIA,https://vanphongphambanhat.com.vn/san-pham/giay-lien-tuc-240x279-1-lien-chia/,265000,450000,265000,True,giay-lien-tuc|giay-in-van-phong,Giấy In Liên Tục|GIẤY IN VĂN PHÒNG,,,Còn hàng,https://vanphongphambanhat.com.vn/wp-content/uploads/2019/12/giay-lien-tuc-240x279-1-lien-chia-2-1.png,"Giấy liên tục 240×279 1 liên chia Liên Sơn
xuất xứ
Indonesia
là loại giấy in văn phòng được sử dụng nhiều trong công việc dưới các hình thức như in hóa đơn mua bán, các loại phiếu nhập xuất kho, biên lai, các giấy tờ và biểu mẫu khác…"
banhat,5837,GIẤY IN LIÊN TỤC 240×279 2 3 4 5 LIÊN CHIA 2,GLT240X2792LCHIA,https://vanphongphambanhat.com.vn/san-pham/giay-in-lien-tuc-240x279-2-3-4-5-lien-chia-2/,419000,450000,419000,True,giay-lien-tuc|giay-in-van-phong,Giấy In Liên Tục|GIẤY IN VĂN PHÒNG,,,Còn hàng,https://vanphongphambanhat.com.vn/wp-content/uploads/2019/12/giay-in-lien-tuc-240x279-2-3-4-5-lien-chia-2.png,"Giấy in liên tục 240×279 2 3 4 5 liên chia 2
khi sử dụng bạn nên chú ý một số cách bảo quản để giấy luôn giữ được chất lượng tốt nhất như ban đầu."
banhat,5838,GIẤY LIÊN TỤC 380 x 279 1 LIÊN,GLT380X2791L,https://vanphongphambanhat.com.vn/san-pham/giay-lien-tuc-1-lien-380x279mm/,415000,440000,415000,True,giay-lien-tuc|giay-in-van-phong,Giấy In Liên Tục|GIẤY IN VĂN PHÒNG,,,Còn hàng,https://vanphongphambanhat.com.vn/wp-content/uploads/2019/12/giay-in-lien-tuc-380-x-279-1-lien-1.png,"Giấy liên tục 380 x 279 1 liên
đục lỗ thường được sử dụng tại các cửa hàng và đại lý hàng hóa nhỏ lẻ. Với đặc tính dai, bền, ít bị gấp mép và nhăn, bề mặt giấy lại nhẵn và mịn nên khi in, mực in sẽ trải đều, bóng và đẹp."
banhat,5839,Giấy in liên tục 380 x 279 2 3 4 5 liên,GLT380X2792L,https://vanphongphambanhat.com.vn/san-pham/giay-in-lien-tuc-380-x-279-2-3-4-5-lien/,613000,650000,613000,True,giay-lien-tuc|giay-in-van-phong,Giấy In Liên Tục|GIẤY IN VĂN PHÒNG,,,Còn hàng,https://vanphongphambanhat.com.vn/wp-content/uploads/2019/12/giay-in-lien-tuc-lien-son-380-mm-x-279-mm-2-3-4-5-lien-1.png,"Giấy in liên tục 380 x 279 2 3 4 5 liên
với kích thước và số liên đa dạng phù hợp cho nhu cầu sử dụng của khách hàng khác nhau, giấy liên tục 380 x 279 nhiều liên có các loại chính là loại 2 liên, 3 liên, 4 liên và 5 liên."
banhat,5841,"Giấy liên tục chia liên 380 x 279 – 2,3,4 Liên chia",,https://vanphongphambanhat.com.vn/san-pham/giay-lien-tuc-chia-lien-380-x-279/,610000,660000,610000,True,giay-lien-tuc|giay-in-van-phong,Giấy In Liên Tục|GIẤY IN VĂN PHÒNG,,,Còn hàng,https://vanphongphambanhat.com.vn/wp-content/uploads/2019/12/giay-in-lien-tuc-chia-lien-1.png,"Giấy liên tục chia liên 380 x 279
Thông tin về sản phẩm:
Tên gọi sản phẩm:
giấy in liên tục 380 x 279 2,3,4 liên chia
Kích thước khổ giấy: 380 x 279 mm
Quy cách đóng gói: 1.500 tờ/ thùng
Điều kiện bảo quản: khô thoáng, tránh xa nguồn nhiệt cao cũng như các khu vực dễ cháy.
Xuất xứ: Việt Nam."
banhat,5845,Giấy Supreme A5 70 gsm,GINSUPREMEA570,https://vanphongphambanhat.com.vn/san-pham/giay-supreme-a5-70/,32000,36000,32000,True,giay-in-photo|giay-a5|giay-in-van-phong,Giấy In - Photo|Giấy A5|GIẤY IN VĂN PHÒNG,A5,70,Còn hàng,https://vanphongphambanhat.com.vn/wp-content/uploads/2019/12/giay-supreme-a5-70-2.png,"Giấy in Supreme A5 70gsm nhập khẩu Thái Lan
Kích thước: Khổ A5 (148 x 210 mm)
Định lượng: 70gsm
Số lượng: 500 tờ/ream
Xuất xứ: Thái Lan
Quy cách đóng gói: 500 tờ/ream, 10 ream/thùng
Ứng dụng: In văn bản, tài liệu, hợp đồng, photocopy
Trọng lượng: Khoảng 1kg/ream, 10kg/thùng
Nếu khách hàng KHÔNG lấy hóa đơn, Giấy A4 giảm thêm 2.000, Giấy A3 giảm 5.000 trên đơn giá có VAT"
banhat,5846,Giấy Supreme A4 80 gsm,GISUPREMEA480,https://vanphongphambanhat.com.vn/san-pham/giay-supreme-a4-80/,72000,80000,72000,True,giay-in-photo|giay-a4|giay-in-van-phong,Giấy In - Photo|Giấy A4|GIẤY IN VĂN PHÒNG,A4,80,Còn hàng,https://vanphongphambanhat.com.vn/wp-content/uploads/2019/12/supreme-a4-80.png,"Giấy in A4 Supreme 80gsm chính hãng nhập khẩu từ Thái Lan
Kích thước: Khổ A4 (210 x 297mm)
Định lượng: 80gsm
Số lượng: 500 tờ
Xuất xứ: Thái Lan
Quy cách đóng gói: 500 tờ /ream, 5 ream /thùng
Ứng dụng: in văn bản, tài liệu, hợp đồng, photocopy
Trọng lượng: Khoản 2.4kg /ream, 12kg /thùng
Nếu khách hàng KHÔNG lấy hóa đơn, Giấy A4 giảm thêm 2.000, Giấy A3 giảm 5.000 trên đơn giá có VAT
Thị trường biến động nên Giá bán sẽ cập nhật theo thời giá.
Quý khách vui lòng Liên hệ để được Báo giá tốt nhất và "
banhat,5847,Giấy Supreme A3 80 gsm,GINSUPREMEA380,https://vanphongphambanhat.com.vn/san-pham/giay-supreme-a3-80/,148000,156000,148000,True,giay-in-photo|giay-a3|giay-in-van-phong,Giấy In - Photo|Giấy A3|GIẤY IN VĂN PHÒNG,A3,80,Còn hàng,https://vanphongphambanhat.com.vn/wp-content/uploads/2019/12/supreme-a3-80.png,"Giấy in A3 SUPREME 80gsm chất lượng tốt nhập khẩu Thái Lan
Định lượng: 80gsm
Số lượng: 500 tờ
Thương hiệu: Supreme
Xuất xứ: Thái Lan
Quy cách đóng gói: 500 tờ /ream, 5 ream /thùng
Ứng dụng: in văn bản, tài liệu, hợp đồng, photocopy
Trọng lượng: Khoảng 4.8kg /ream, 24kg /thùng
Nếu khách hàng KHÔNG lấy hóa đơn, Giấy A4 giảm thêm 2.000, Giấy A3 giảm 5.000 trên đơn giá có VAT
Thị trường biến động nên Giá bán có thể thay đổi theo thời giá.
Quý khách vui lòng Liên hệ để được Báo giá tốt nhất và chính "
banhat,5848,Giấy Supreme A5 80 gsm,GINSUPREMEA580,https://vanphongphambanhat.com.vn/san-pham/giay-supreme-a5-80/,37000,40000,37000,True,giay-in-photo|chua-duoc-phan-loai|giay-a5|giay-in-van-phong,Giấy In - Photo|Chưa được phân loại|Giấy A5|GIẤY IN VĂN PHÒNG,A5,80,Còn hàng,https://vanphongphambanhat.com.vn/wp-content/uploads/2019/12/giay-in-supreme-A5-80-gsm-vpp-ba-nhat-tphcm.jpg,"Giấy in A5 Supreme 80gsm cao cấp nhập từ Thái Lan
Kích thước: Khổ A5 (148 x 210 mm)
Định lượng: 80gsm
Số lượng: 500 tờ/ream
Xuất xứ: Thái Lan
Quy cách đóng gói: 500 tờ/ream, 10 ream/thùng
Ứng dụng: In văn bản, tài liệu, hợp đồng, photocopy
Trọng lượng: Khoảng 1.2kg /ream, 12kg /thùng
Nếu khách hàng KHÔNG lấy hóa đơn, Giấy A4 giảm thêm 2.000, Giấy A3 giảm 5.000 trên đơn giá có VAT"
banhat,5849,GIẤY FLIPCHART A1 80 DẠNG TỜ,GIA180,https://vanphongphambanhat.com.vn/san-pham/giay-flipchart-a1-80-dang-to/,2000,3500,2000,True,giay-in-photo|giay-a0-giay-a1|giay-in-van-phong,Giấy In - Photo|Giấy A0 - Giấy A1|GIẤY IN VĂN PHÒNG,A1,,Còn hàng,https://vanphongphambanhat.com.vn/wp-content/uploads/2019/12/giay-a1-flipchart.png,"Giấy Flipchart khổ A1 định lượng 80 gsm dạng tờ
Định lượng : 80 gsm
Đối tượng sử dụng: máy in khổ lớn, kẹp bảng Flipchart
Khổ giấy: A1
1 kiện = 500 tờ
Mua 1 Lần Từ 500 tờ trở lên sẽ có giá sẽ rẻ hơn
Giấy in Flipchart được sản xuất đúng theo tiêu chuẩn. Sản phẩm được dùng phổ biến trong các lĩnh vực in ấn bản vẽ kiến trúc, mộc gỗ, bản đồ, may mặc,… giấy flipchart làm từ chất liệu cao cấp với các tiêu chuẩn kỹ thuật cao cho độ bám mực tốt, giúp các nét chữ in ra được đậm nét, không bị nhòe mực hay"
banhat,5850,Giấy A0 định lượng 100 gsm cuộn lớn,GA0K907KGDL100,https://vanphongphambanhat.com.vn/san-pham/giay-a0-dinh-luong-100-gsm/,280000,290000,280000,True,giay-a0-giay-a1|giay-in-photo|giay-in-van-phong,Giấy A0 - Giấy A1|Giấy In - Photo|GIẤY IN VĂN PHÒNG,A0,100,Còn hàng,https://vanphongphambanhat.com.vn/wp-content/uploads/2019/12/giay-in-cuon-a0-1.png,"Giấy A0 định lượng 100 gsm
là sản phẩm được sản xuất trên dây chuyền hiện đại có độ trơn mịn, bề mặt trắng sáng. Sản phẩm dành riêng cho các dòng máy in phun, máy photocopy khổ lớn. Khổ giấy A0 dạng cuộn lớn có thiết kế gọn gàng, cuồn có lõi tương thích tốt với các thiết bị in của các doanh nghiệp."
banhat,5920,Giấy Double A A5 80 GSM,GINDOUBLEA580,https://vanphongphambanhat.com.vn/san-pham/giay-double-a-a5-80/,45500,46000,45500,True,giay-in-photo|giay-a5|giay-in-van-phong,Giấy In - Photo|Giấy A5|GIẤY IN VĂN PHÒNG,A5,80,Còn hàng,https://vanphongphambanhat.com.vn/wp-content/uploads/2019/12/giay-a5-70-double-a.png,"Giấy in A5 Double A 80gsm cao cấp
Kích thước: Khổ A5 (148 x 210 mm)
Định lượng: 80gsm (mỗi mét vuông giấy sẽ có trọng lượng 80g)
Số lượng: 500 tờ
Xuất xứ: Thái Lan
Quy cách đóng gói: 500 tờ /ream, 5 ream /thùng
Ứng dụng: in văn bản, tài liệu, hợp đồng, photocopy
Trọng lượng: Khoản 1.2kg /ream, 12kg /thùng
Nếu khách hàng KHÔNG lấy hóa đơn, Giấy A4 giảm thêm 2.000, Giấy A3 giảm 5.000 trên đơn giá có VAT"
banhat,5922,Giấy Emerald A4 70,GINEMERALDA470,https://vanphongphambanhat.com.vn/san-pham/giay-emerald-a4-70/,59000,61000,59000,True,giay-in-photo|giay-a4|giay-in-van-phong,Giấy In - Photo|Giấy A4|GIẤY IN VĂN PHÒNG,A4,,Còn hàng,https://vanphongphambanhat.com.vn/wp-content/uploads/2019/12/giay-a4-70-emerald-1.png,"Giấy in văn phòng Emerald A4 70 giá rẻ
Ưu điểm của
giấy in giá rẻ này
là chất lượng giấy tốt trong tầm giá và độ trắng phù hợp, an toàn với mắt. Giấy có độ mịn khá cao giúp tiết kiệm mực in. Cũng như không gây kẹt giấy, nhăn nhàu giấy trong quá trình in.
Giá bán của
giấy này
hiện rất cạnh tranh và l
à loại giấy Emerald A4 70 gsm
giá rẻ
đảm bảo tiết kiệm tối đa cho người sử dụng.
Số lượng giấy đảm bảo chuẩn xác, đủ trọng lượng.
Nếu khách hàng"
banhat,5925,Giấy Idea A3 70 gsm,GINIDEAA370,https://vanphongphambanhat.com.vn/san-pham/giay-idea-a3-70/,132000,145000,132000,True,giay-in-photo|giay-a3|giay-in-van-phong,Giấy In - Photo|Giấy A3|GIẤY IN VĂN PHÒNG,A3,70,Còn hàng,https://vanphongphambanhat.com.vn/wp-content/uploads/2019/12/giay-in-idea-a4-70-1.png,"Giấy in A3 IDEA 70gsm cao cấp
nhập khẩu
Thái Lan
Kích thước: Khổ A3 (297 x 420 mm)
Định lượng: 70gsm
Số lượng: 500 tờ
Xuất xứ: Thái Lan
Quy cách đóng gói: 500 tờ /ream, 5 ream /thùng
Ứng dụng: in văn bản, tài liệu, hợp đồng, photocopy
Trọng lượng: Khoản 4kg /ream, 20kg /thùng
Nếu khách hàng KHÔNG lấy hóa đơn, Giấy A4 giảm thêm 2.000, Giấy A3 giảm 5.000 trên đơn giá có VAT
Thị trường biến động nên Giá bán có thể thay đổi theo thời giá.
Quý khách vui lòng Liên hệ để được Báo giá tốt nhất và chính "
banhat,5926,Giấy Idea A5 70 gsm,GINIDEAA570,https://vanphongphambanhat.com.vn/san-pham/giay-idea-a5-70/,34000,39000,34000,True,giay-in-photo|giay-a5|giay-in-van-phong,Giấy In - Photo|Giấy A5|GIẤY IN VĂN PHÒNG,A5,70,Còn hàng,https://vanphongphambanhat.com.vn/wp-content/uploads/2019/12/giay-idea-a5-70.png,"Giấy in A5 IDEA 70gsm cao cấp nhập khẩu từ Thái Lan
Kích thước: Khổ A5 (148 x 210 mm)
Định lượng: 70gsm
Số lượng: 500 tờ
Xuất xứ: Thái Lan
Quy cách đóng gói: 500 tờ /ream, 10 ream /thùng
Ứng dụng: in văn bản, tài liệu, hợp đồng, photocopy
Trọng lượng: Khoản 1kg /ream, 10kg /thùng
Nếu khách hàng KHÔNG lấy hóa đơn, Giấy A4 giảm thêm 2.000, Giấy A3 giảm 5.000 trên đơn giá có VAT"
banhat,5927,Giấy Idea A3 80 gsm,GINIDEAA380,https://vanphongphambanhat.com.vn/san-pham/giay-idea-a3-80/,150000,170000,150000,True,giay-in-photo|giay-a3|giay-in-van-phong,Giấy In - Photo|Giấy A3|GIẤY IN VĂN PHÒNG,A3,80,Còn hàng,https://vanphongphambanhat.com.vn/wp-content/uploads/2019/12/giay-Idea-a3-80-2.png,"Giấy in A3 IDEA 80gsm
chính hãng nhập khẩu
Thái Lan
Kích thước: Khổ A3 (297 x 420 mm)
Định lượng: 80gsm
Số lượng: 500 tờ
Xuất xứ: Thái Lan
Quy cách đóng gói: 500 tờ /ream, 5 ream /thùng
Ứng dụng: in văn bản, tài liệu, hợp đồng, photocopy
Trọng lượng: Khoản 4.8kg /ream, 24kg /thùng
Nếu khách hàng KHÔNG lấy hóa đơn, Giấy A4 giảm thêm 2.000, Giấy A3 giảm 5.000 trên đơn giá có VAT
Thị trường biến động nên Giá bán có thể thay đổi theo thời giá.
Quý khách vui lòng Liên hệ để được Báo giá tốt nhất và c"
banhat,5928,Giấy Idea A5 80 gsm,GINIDEAA580,https://vanphongphambanhat.com.vn/san-pham/giay-idea-a5-80/,39000,42000,39000,True,giay-in-photo|giay-a5|giay-in-van-phong,Giấy In - Photo|Giấy A5|GIẤY IN VĂN PHÒNG,A5,80,Còn hàng,https://vanphongphambanhat.com.vn/wp-content/uploads/2019/12/giay-in-idea-a5-80gsm-vpp-ba-nhat.jpg,"Giấy in A5 Idea 80gsm cao cấp nhập khẩu từ Thái Lan
Kích thước: Khổ A5 (148 x 210 mm)
Định lượng: 80gsm
Số lượng: 500 tờ
Xuất xứ: Thái Lan
Quy cách đóng gói: 500 tờ /ream, 10 ream /thùng
Ứng dụng: in văn bản, tài liệu, hợp đồng, photocopy
Trọng lượng: Khoảng 1.2kg /ream, 12kg /thùng
Nếu khách hàng KHÔNG lấy hóa đơn, Giấy A4 giảm thêm 2.000, Giấy A3 giảm 5.000 trên đơn giá có VAT"
banhat,5929,Giấy IK Plus A3 70 gsm,GINIKPLUSA370,https://vanphongphambanhat.com.vn/san-pham/giay-ik-plus-a3-70/,131000,152000,131000,True,giay-in-photo|giay-a3|giay-in-van-phong,Giấy In - Photo|Giấy A3|GIẤY IN VĂN PHÒNG,A3,70,Còn hàng,https://vanphongphambanhat.com.vn/wp-content/uploads/2019/12/ik-plus-a3-70.png,"Giấy in A3 IK PLUS 70gsm nhập khẩu Indo
Kích thước: Khổ A3 (297 x 420 mm)
Định lượng: 70gsm
Số lượng: 500 tờ
Xuất xứ: Indonesia
Quy cách đóng gói: 500 tờ /ream, 5 ream /thùng
Ứng dụng: in văn bản, tài liệu, hợp đồng, photocopy
Trọng lượng: Khoảng 4kg /ream, 20kg /thùng
Nếu khách hàng KHÔNG lấy hóa đơn, Giấy A4 giảm thêm 2.000, Giấy A3 giảm 5.000 trên đơn giá có VAT
Thị trường biến động nên Giá bán có thể thay đổi theo thời giá.
Quý khách vui lòng Liên hệ để được Báo giá tốt nhất và chính xác tại"
banhat,5930,Giấy A5 Ik Plus 70 gsm,GINIKPLUSA570,https://vanphongphambanhat.com.vn/san-pham/giay-a5-ik-plus/,35000,38000,35000,True,giay-in-photo|giay-a5|giay-in-van-phong,Giấy In - Photo|Giấy A5|GIẤY IN VĂN PHÒNG,A5,70,Còn hàng,https://vanphongphambanhat.com.vn/wp-content/uploads/2019/12/IK-Plus-A5-70.png,"Giấy in A5 IK PLUS 70gsm cao cấp
được đóng gói và nhập khẩu từ indonesia.
Kích thước: Khổ A5 (148 x 210 mm)
Định lượng: 70gsm
Số lượng: 500 tờ
Xuất xứ: Indonesia
Quy cách đóng gói: 500 tờ /ream, 10 ream /thùng
Ứng dụng: in văn bản, tài liệu, hợp đồng, photocopy
Trọng lượng: Khoảng 1kg /ream, 10kg /thùng
Nếu khách hàng KHÔNG lấy hóa đơn, Giấy A4 giảm thêm 2.000, Giấy A3 giảm 5.000 trên đơn giá có VAT"
banhat,5931,Giấy IK Plus A3 80 gsm,GINIKPLUSA380,https://vanphongphambanhat.com.vn/san-pham/giay-ik-plus-a3-80/,153000,163000,153000,True,giay-in-photo|giay-a3|giay-in-van-phong,Giấy In - Photo|Giấy A3|GIẤY IN VĂN PHÒNG,A3,80,Còn hàng,https://vanphongphambanhat.com.vn/wp-content/uploads/2019/12/IK-Plus-A3-80.png,"Giấy in A3 IK PLUS 80gsm cao cấp nhập khẩu từ Indo
Kích thước: Khổ A3 (297 x 420 mm)
Định lượng: 80gsm
Số lượng: 500 tờ
Xuất xứ: Indonesia
Quy cách đóng gói: 500 tờ /ream, 5 ream /thùng
Ứng dụng: in văn bản, tài liệu, hợp đồng, photocopy
Trọng lượng: Khoảng 4.8kg /ream, 24kg /thùng
Nếu khách hàng KHÔNG lấy hóa đơn, Giấy A4 giảm thêm 2.000, Giấy A3 giảm 5.000 trên đơn giá có VAT
Thị trường biến động nên Giá bán có thể thay đổi theo thời giá.
Quý khách vui lòng Liên hệ để được Báo giá tốt nhất và "
banhat,5932,Giấy IK Plus A5 80 gsm,GINIKPLUSA580,https://vanphongphambanhat.com.vn/san-pham/giay-ik-plus-a5-80/,39300,44000,39300,True,giay-in-photo|giay-a5|giay-in-van-phong,Giấy In - Photo|Giấy A5|GIẤY IN VĂN PHÒNG,A5,80,Còn hàng,https://vanphongphambanhat.com.vn/wp-content/uploads/2019/12/giay-a5-80gsm-ik-plus-vpp-ba-nhat.jpg,"Giấy in IK Plus A5 80 gsm
đ
ược sản xuất tại indonesia
Kích thước: Khổ A5 (148 x 210 mm)
Định lượng: 80gsm
Số lượng: 500 tờ
Xuất xứ: Indonesia
Quy cách đóng gói: 500 tờ /ream, 10 ream /thùng
Ứng dụng: in văn bản, tài liệu, hợp đồng, photocopy
Trọng lượng: Khoảng 1.2kg /ream, 12kg /thùng
Nếu khách hàng KHÔNG lấy hóa đơn, Giấy A4 giảm thêm 2.000, Giấy A3 giảm 5.000 trên đơn giá có VAT"
banhat,5937,Giấy Vệ Sinh Cuộn Lớn 700g,GVSHANOICUONLON,https://vanphongphambanhat.com.vn/san-pham/giay-ve-sinh-cuon-lon-700g/,35000,39000,35000,True,giay-ve-sinh,Giấy Vệ Sinh,,,Còn hàng,https://vanphongphambanhat.com.vn/wp-content/uploads/2019/12/giay-ve-sinh-cong-nghiep-cuon-lon-700g-2.png,"Giấy Vệ Sinh Cuộn Lớn 700g
Sản Xuất:
Việt Nam
Kích thước:
95×105 mm (chiều dài: 213m)
Định lượng:
17g/m2
Cân nặng:
700g
Số cuộn:
16 cuộn / bịch (từng cuộn có riêng bao bì)"
banhat,5939,Giấy Note 3×4 Stickiii,NOTESTICKII3X4,https://vanphongphambanhat.com.vn/san-pham/giay-note-3x4-stickiii/,8500,10000,8500,True,giay-note-phan-trang|giay-in-van-phong,Giấy Note - Phân Trang|GIẤY IN VĂN PHÒNG,,,Còn hàng,https://vanphongphambanhat.com.vn/wp-content/uploads/2019/12/giay-note-3x4-stickiii-1.jpg,"Giấy Note 3×4 Stickiii
l
à một loại sản phẩm mang tên sổ tay. T
iện lợi cho công việc ở mọi lúc, mọi nơi (24 giờ và 7 ngày)."
banhat,5940,Giấy Note 3 x 5 Stickiii,NOTESTICKII3X5,https://vanphongphambanhat.com.vn/san-pham/giay-note-3-x-5-stickiii/,12000,15000,12000,True,giay-note-phan-trang|giay-in-van-phong,Giấy Note - Phân Trang|GIẤY IN VĂN PHÒNG,,,Còn hàng,https://vanphongphambanhat.com.vn/wp-content/uploads/2019/12/giay-ghi-chu-3x5-stickiii.jpg,"Giấy Note 3 x 5 Stickiii
Xuất xứ: Mỹ.
Đơn vị tính: Xấp.
Quy cách: 10 xấp/1 lố – 360 vỉ/thùng.
Xuất xứ của sản phẩm giấy note 3×5 stickiii"
banhat,5941,"Giấy Note 4×6 (10X15,2) CM",GNOTEUNC4X6,https://vanphongphambanhat.com.vn/san-pham/giay-note-4x6/,14000,16000,14000,True,giay-note-phan-trang|giay-in-van-phong,Giấy Note - Phân Trang|GIẤY IN VĂN PHÒNG,,,Còn hàng,https://vanphongphambanhat.com.vn/wp-content/uploads/2019/12/giay-note-4x6-gia-re-2.jpg,"Giấy note 4×6
cỡ trung này là một sản phẩm mang những tiện ích vô cùng tiện lợi. Với những tính năng ưu việt như vậy thì tại sao bạn lại từ chối lựa chọn."
banhat,5943,Giấy A0 khổ 84 định lượng 80 gsm cuộn lớn,GINA0K84DL807KGLN,https://vanphongphambanhat.com.vn/san-pham/giay-a0-80-dang-cuon/,250000,280000,250000,True,giay-a0-giay-a1|giay-in-photo|giay-in-van-phong,Giấy A0 - Giấy A1|Giấy In - Photo|GIẤY IN VĂN PHÒNG,A0,80,Còn hàng,https://vanphongphambanhat.com.vn/wp-content/uploads/2019/12/giay-in-cuon-a0-1.png,"Giấy A0 cuộn lớn định lượng 80 gsm
dày có bề mặt rất láng mịn, độ trắng cao, không có lẫn bụi giấy, không có độc tố hay gây mùi khó chịu cho người sử dụng.
Cuộn giấy in khổ A0 80 dành riêng cho máy in, máy photo khổ lớn. Thiết kế giấy in A0 dạng cuồn phù hợp với các thiết bị in công nghiệp, cho
độ bám mực tốt, đậm nét và không bị nhòe mực khi in."
banhat,5944,Giấy Decal in ảnh 135 gsm,GDECALA4INANH,https://vanphongphambanhat.com.vn/san-pham/giay-decal-in-anh-135-gsm/,63000,72000,63000,True,giay-decal|giay-in-van-phong,Giấy Decal - Tomy|GIẤY IN VĂN PHÒNG,,135,Còn hàng,https://vanphongphambanhat.com.vn/wp-content/uploads/2019/12/giay-in-anh-decal-135-gsm-1.png,"Giấy Decal in ảnh 135 gsm
Tên sản phẩm: Giấy Decal ảnh
Định lượng: 135 gsm.
Kích thước: 2210 mm * 297 mm.
Xuất xứ: China.
Đóng gói: 50 tờ/ xấp.
Màu sắc: Trắng.
Công dụng: Chuyên để in ảnh, in màu, in tờ rơi, menu,…Chất lượng bản in đẹp nhất là khi in với máy in epson. Sản phẩm là giải pháp tiết kiệm trong việc thay thế cho giấy in ảnh chuyên nghiệp."
banhat,5945,Giấy in ảnh A4 135 gsm 1 mặt,GINANHA41351M,https://vanphongphambanhat.com.vn/san-pham/giay-in-anh-a4-1-mat-135gsm/,65000,73000,65000,True,giay-in-anh|giay-in-van-phong,Giấy In Ảnh|GIẤY IN VĂN PHÒNG,A4,135,Còn hàng,https://vanphongphambanhat.com.vn/wp-content/uploads/2019/12/giay-in-anh-A4-230.png,"Giấy in ảnh A4 135 gsm 1 mặt
Tên sản phẩm: Giấy in ảnh 1 mặt.
Giấy in ảnh A4 135 gsm 1 mặt
Loại giấy: Khổ A4.
Đóng gói: 50 tờ/xấp.
Số lượng mặt in: 1 mặt bóng.
Ứng dụng: In ảnh gia đình, ảnh quảng cáo – dịch vụ, in menu, catalogue,…"
banhat,6449,Giấy in ảnh A4 1 mặt 180 gsm,GINANHA41801M,https://vanphongphambanhat.com.vn/san-pham/giay-in-anh-a4-1-mat-180-gsm/,52000,59000,52000,True,giay-in-anh|giay-in-van-phong,Giấy In Ảnh|GIẤY IN VĂN PHÒNG,,180,Còn hàng,https://vanphongphambanhat.com.vn/wp-content/uploads/2019/12/giay-in-anh-A4-230.png,"Giấy in ảnh A4 1 mặt 180 gsm
Loại giấy:
giấy in ảnh 1 mặt
Sản Xuất: Việt Nam
Quy cách:
Khổ
A4
Kích thước:
210 x 297mm
Định lượng
:
180 gsm
Đóng gói:
50 tờ / 1 xấp
Xuất xứ:
Giấy in ảnh A4 1 mặt 180 gsm
là một trong những loại giấy in được sản xuất trực tiếp tại Trung Quốc"
banhat,6450,Giấy in ảnh A4 1 mặt 230 gsm,GINANHA42301M,https://vanphongphambanhat.com.vn/san-pham/giay-in-anh-a4-1-mat-230-gsm/,56000,63000,56000,True,giay-in-anh|giay-in-van-phong,Giấy In Ảnh|GIẤY IN VĂN PHÒNG,,230,Còn hàng,https://vanphongphambanhat.com.vn/wp-content/uploads/2019/12/giay-in-anh-A4-230.png,"Giấy in ảnh A4 1 Mặt 230 gsm
là một trong những loại giấy in được khách hàng ưa chuộng nhất hiện nay.
Loại giấy:
giấy in ảnh 1 mặt
Sản Xuất:
Việt Nam
Quy cách:
Khổ
A4
Kích thước:
210 x 297mm
Định lượng
:
230 gsm
Đóng gói:
50 tờ / 1 xấp"
banhat,6451,Giấy in ảnh A4 2 mặt 160 gsm,GINANHA41602M,https://vanphongphambanhat.com.vn/san-pham/giay-in-anh-a4-2-mat-160-gsm/,55000,62000,55000,True,giay-in-anh|giay-in-van-phong,Giấy In Ảnh|GIẤY IN VĂN PHÒNG,A4,160,Còn hàng,https://vanphongphambanhat.com.vn/wp-content/uploads/2019/12/giay-in-anh-A4-230.png,"Giấy in ảnh A4 2 mặt 160 gsm
+ Loại giấy khổ A4
+ Số lượng đóng gói: 50 tờ/ tập, 20 tập/thùng
+ 2 mặt giấy dày dặn, sáng bóng và đều màu.
+ Giấy chuyên dùng cho các loại máy in màu.
+ Có thể dùng để in đa dạng các loại ảnh như ảnh kỹ thuật cao, ảnh gia đình, ảnh cá nhân"
banhat,6452,Giấy in ảnh 2 mặt A4 230 gsm,GINANHA42302M,https://vanphongphambanhat.com.vn/san-pham/giay-in-anh-2-mat-a4-230-gsm/,66000,110000,66000,True,giay-in-anh|giay-in-van-phong,Giấy In Ảnh|GIẤY IN VĂN PHÒNG,A4,230,Còn hàng,https://vanphongphambanhat.com.vn/wp-content/uploads/2019/12/giay-in-anh-a3-230-gsm-1.png,"Giấy in ảnh 2 mặt A4 230 gsm
Tên sản phẩm: Giấy in ảnh 2 mặt.
Loại giấy: Giấy in ảnh
Khổ giấy: A4.
Độ dày: 230 gsm
Đóng gói: 50 tờ/ xấp.
Công nghệ in: Công nghệ in phun màu liên tục.
Máy in: Sử dụng được với tất cả các loại máy in phun và laser
Số lượng mặt in: 2 mặt.
Xuất xứ: Việt Nam
Ứng dụng: In ảnh gia đình, in ảnh quảng cáo, in menu, catalogue,…"
banhat,6453,Giấy in ảnh 2 mặt 260 gsm,GINANHA42602M,https://vanphongphambanhat.com.vn/san-pham/giay-in-anh-2-mat-260-gsm/,78000,85000,78000,True,giay-in-anh|giay-in-van-phong,Giấy In Ảnh|GIẤY IN VĂN PHÒNG,,260,Còn hàng,https://vanphongphambanhat.com.vn/wp-content/uploads/2019/12/giay-in-anh-A4-230.png,"Giấy in ảnh 2 mặt 260 gsm A4
Tên sản phẩm: giấy in ảnh 2 mặt 260 gsm
Loại giấy: Giấy in ảnh Glossy.
Khổ giấy: A4.
Độ dày: 260 gsm
Đóng gói: 50 – 100 tờ/ xấp.
Công nghệ in: Công nghệ in phun màu liên tục.
Máy in: Sử dụng được với tất cả các loại máy in phun và laser
Số lượng mặt in: 2 mặt.
Xuất xứ: Việt Nam
Ứng dụng: In ảnh gia đình, in ảnh quảng cáo, in menu, catalogue,…"
banhat,6454,Giấy in ảnh 2 mặt 300 gsm A4,,https://vanphongphambanhat.com.vn/san-pham/giay-in-anh-2-mat-300-gsm-a4/,1,1000,1,True,giay-in-anh|giay-in-van-phong,Giấy In Ảnh|GIẤY IN VĂN PHÒNG,,300,Còn hàng,https://vanphongphambanhat.com.vn/wp-content/uploads/2019/12/giay-in-anh-A4-230.png,"Giấy in ảnh 2 mặt 300 gsm
Loại giấy:
giấy in ảnh 2 mặt
–
Sản Xuất:
Việt Nam
–
Quy cách:
Khổ A4
–
Kích thước:
210 x 297mm
–
Định lượng
: 300 gsm
–
Đóng gói:
50 tờ / 1 tập
–
Xuất xứ: Vietnam"
banhat,6455,Giấy in ảnh A3 230 gsm,GINANHA32301M,https://vanphongphambanhat.com.vn/san-pham/giay-in-anh-a3-230-gsm/,112000,128000,112000,True,giay-in-anh|giay-in-van-phong,Giấy In Ảnh|GIẤY IN VĂN PHÒNG,,230,Còn hàng,https://vanphongphambanhat.com.vn/wp-content/uploads/2019/12/giay-in-anh-a3-230-gsm-1.png,"Giấy in ảnh A3 230 gsm
1 mặt
Loại giấy:
giấy in ảnh 1 mặt
Sản Xuất:
Việt Nam
Quy cách:
Khổ
A3
Kích thước:
297x 420 mm
Định lượng
:
230 gsm
Đóng gói:
50 tờ / 1 tập
Xuất xứ:
Việt Nam"
banhat,6456,Giấy Ép Plastic A5 80mic,BEPLASTICA580,https://vanphongphambanhat.com.vn/san-pham/giay-ep-plastic-a5-80mic/,70000,75000,70000,True,giay-bia-mau|chua-duoc-phan-loai|giay-in-van-phong,Giấy Bìa Màu|Chưa được phân loại|GIẤY IN VĂN PHÒNG,,,Còn hàng,https://vanphongphambanhat.com.vn/wp-content/uploads/2019/12/bia-plastic-ep-giay-a5.png,"Bìa plastic ép giấy A5
xuất xứ từ Trung Quốc. Một trong những dòng giấy  sản xuất trên chất liệu cao cấp, thiết bị cao cấp và hiện đại. Chuyên dùng cho dân văn phòng và các tiệm in ấn giúp bảo vệ các giấy tờ trong thời gian dài nhất.
Nhà sản xuất: Trung Quốc.
Kích thước:Khổ A5 (160×225mm).
Chất liệu: nhựa trong suốt.
Đơn vị tính: Xấp.
Chất lượng: đẹp, bền cùng thời gian."
banhat,6457,Giấy Ép Plastic A4 80mic,BEPLASTICA480,https://vanphongphambanhat.com.vn/san-pham/giay-ep-plastic-a4-80mic/,110000,140000,110000,True,giay-bia-mau|giay-in-van-phong,Giấy Bìa Màu|GIẤY IN VĂN PHÒNG,A4,,Còn hàng,https://vanphongphambanhat.com.vn/wp-content/uploads/2019/12/bia-plastic-ep-giay-a4.png,"Tấm nhựa giấy ép plastic A4 80mic bằng c
hất liệu hạt nhựa FET, keo EVA, c
ấu tạo hai lớp màng nhựa, keo.
Sản phẩm màng nhựa ép plastic được đánh giá là có độ dày vừa phải, thích hợp với mọi nhu cầu ép giấy tờ, hình ảnh hay các loại văn bằng khác. Do màng ép plastic được làm từ nhựa PET nên luôn cho độ trong suốt cao cũng như độ bám dính tốt khi gặp nhiệt độ cao. Giấy ép plastic này có thể tương thích dùng được với tất cả các dòng máy ép plastic trên thị trường hiện nay mà không kén máy."
banhat,6458,Giấy Ép Plastic A3 80mic,BEPLASTICA380,https://vanphongphambanhat.com.vn/san-pham/giay-ep-plastic-a3-80mic/,220000,250000,220000,True,giay-bia-mau|giay-in-van-phong,Giấy Bìa Màu|GIẤY IN VĂN PHÒNG,A3,,Còn hàng,https://vanphongphambanhat.com.vn/wp-content/uploads/2019/12/bia-plastic-ep-giay-A3.png,"Tấm nhựa ép plastic giấy A3 80mic
Bìa plastic ép giấy A3 là sản phẩm chuyên dùng cho các loại máy ép plastic. Để ép các loại như ảnh, hồ sơ, bằng khen, ấn phẩm, giấy thông báo, bảng chỉ dẫn, CMND hay các tài liệu, chứng từ quan trọng khác.
Sử dụng giấy ép plastic này giúp cho các tài liệu của bạn được bảo quản bền lâu, không bị phai màu, hoen ố.
Bìa ép plastic được làm bằng chất liệu nhựa trong suốt."
banhat,6459,Giấy Ép Plastic A4 100mic,BEPLASTICA4100,https://vanphongphambanhat.com.vn/san-pham/giay-ep-plastic-a4-100mic/,180000,180000,180000,False,giay-bia-mau|giay-in-van-phong,Giấy Bìa Màu|GIẤY IN VĂN PHÒNG,A4,,Còn hàng,https://vanphongphambanhat.com.vn/wp-content/uploads/2019/12/giay-ep-plastic-a4.png,"Thông tin về sản phẩm
Giấy Ép Plastic A4 100mic
Tên sản phẩm: tấm nhựa ép plastic.
Kích cỡ: Khổ A4.
Chất liệu: Nhựa PVC.
Độ dày: 100mic.
Quy cách: 100 tờ/ xấp.
Bề mặt ép: Nhựa trong suốt."
banhat,6460,Giấy ép Bằng Lái 160 mic,BIAPLASTICBANGLAI,https://vanphongphambanhat.com.vn/san-pham/ep-deo-bang-lai-xe/,40000,45000,40000,True,giay-bia-mau|giay-in-van-phong,Giấy Bìa Màu|GIẤY IN VĂN PHÒNG,,,Còn hàng,https://vanphongphambanhat.com.vn/wp-content/uploads/2019/12/bia-plastic-ep-deo-bang-lai-xa-1.png,"Màng nhựa dẻo ép plastic bằng lái xe k
ích cỡ 80x110mm bằng c
hất liệu nhựa PVC có đ
ộ dày 160 mic.
Đây là sản phẩm tấm nhựa dẻo ép bằng lái xe có độ trong suốt được đánh giá cao. Giúp cho các sản phẩm khi được ép luôn có độ sắc nét về hình ảnh cũng như rõ nét về từng con chữ.
Bề mặt bìa plastic ép bằng lái là nhựa cứng, bởi vậy chúng luôn có tác dụng bảo vệ hình ảnh hay các loại giấy tờ vô cùng tốt.
Tạo cho người tiêu dùng cảm giác an toàn tuyệt đối trong việc bảo vệ giấy tờ. Tránh những tác nh"
banhat,6462,Bìa Thái A4 180 gsm,BTHAIA4XDUONG,https://vanphongphambanhat.com.vn/san-pham/bia-thai-a4/,19000,24000,19000,True,giay-bia-mau|giay-in-van-phong,Giấy Bìa Màu|GIẤY IN VĂN PHÒNG,A4,180,Còn hàng,https://vanphongphambanhat.com.vn/wp-content/uploads/2019/12/giay-bia-thai-a4-nhieu-mau-gia-re-1.png,"Giấy bìa Thái A4 / A5 180gsm nhiều màu
trắng, xanh dương, xanh lá, vàng, hồng
Xuất xứ:
Thái
Lan
Quy cách:
Khổ A4 / A5
Màu sắc:
trắng, xanh dương, xanh lá, vàng, hồng.
Định lượng
: 180 gsm
Đóng gói:
100 tờ / xấp
Tình trạng:
còn hàng"
banhat,6463,Bìa thơm A4 có 5 màu,BTHOMA4DAY,https://vanphongphambanhat.com.vn/san-pham/bia-thom-a4-co-5-mau/,73000,73000,73000,False,giay-bia-mau|giay-in-van-phong,Giấy Bìa Màu|GIẤY IN VĂN PHÒNG,,,Còn hàng,https://vanphongphambanhat.com.vn/wp-content/uploads/2019/12/bia-thom-a4-nhieu-mau-gia-re.png,"Giấy bìa thơm A4 160 gsm nhiều màu
Nhà sản xuất: Thái Lan.
Thương hiệu: STD.
Kích thước: A4.
Màu sắc: 5 màu.
Quy cách : 100 tờ/xấp
Đơn vị tính: xấp
Định lượng :160gsm."
banhat,6464,BÌA THÁI A3 180 GSM,BTHAIA3XDUONG,https://vanphongphambanhat.com.vn/san-pham/bia-thai-a3/,73000,82000,73000,True,giay-bia-mau|giay-in-van-phong,Giấy Bìa Màu|GIẤY IN VĂN PHÒNG,A3,180,Còn hàng,https://vanphongphambanhat.com.vn/wp-content/uploads/2019/12/giay-bia-thai-a3-nhieu-mau-gia-re.png,"Giấy bìa thái A3 180gsm nhiều màu
Xuất xứ: Thái Lan
Quy cách:
Khổ A3
Màu sắc:
trắng, xanh dương, xanh lá, vàng, hồng.
Định lượng
: 180 gsm
Đóng gói:
100 tờ / ream"
banhat,6465,Bìa Mỹ A4 có nhiều màu,BMYA4XDUONG,https://vanphongphambanhat.com.vn/san-pham/bia-my-a4-co-nhieu-mau/,105000,125000,105000,True,giay-bia-mau|giay-in-van-phong,Giấy Bìa Màu|GIẤY IN VĂN PHÒNG,A4,,Còn hàng,https://vanphongphambanhat.com.vn/wp-content/uploads/2019/12/giay-bia-my-a4-nhieu-mau-gia-re-1.png,"Giấy bìa Mỹ k
hổ A4
Loại
100 tờ/ xấp. Nhiều màu tùy chọn
Tím, cam, lá, dương,..
Xuất xứ: Mỹ
Giấy in bìa Mỹ A4 được đánh giá là khá dày dặn và có độ cứng phù hợp, khó bị cong vênh trong quá trình sử dụng. Giấy bìa
luôn có bề mặt bóng mịn,
sau khi in luôn giữ được màu in cũng như có độ sắc nét cao,
không bị loang mực, nhòe mực."
banhat,6468,Bìa Mỹ A3 lớn,BMYF3CAM,https://vanphongphambanhat.com.vn/san-pham/bia-my-a3-lon-kho-f3/,200000,220000,200000,True,giay-bia-mau|giay-in-van-phong,Giấy Bìa Màu|GIẤY IN VĂN PHÒNG,,,Còn hàng,https://vanphongphambanhat.com.vn/wp-content/uploads/2019/12/bia-my-a3-f3-lon-1.png,"Giấy bìa Mỹ A3 cỡ lớn F3
Xuất xứ:
Mỹ
Quy cách:
Khổ
A3, khổ lớn F3
Màu sắc:
hồng, vàng, cam, tím, đỏ, xanh lá, xanh dương.
Kích thước:
320×480 mm
Đóng gói:
100 tờ / xấp"
banhat,6469,Giấy in nhiệt K80,GTTNLS8F,https://vanphongphambanhat.com.vn/san-pham/giay-in-nhiet-k80/,9800,13000,9800,True,giay-in-nhiet|giay-in-van-phong,Giấy In Nhiệt|GIẤY IN VĂN PHÒNG,,,Còn hàng,https://vanphongphambanhat.com.vn/wp-content/uploads/2019/12/giay-in-nhiet-k80-vpp-ba-nhat.jpg,"Loại giấy: giấy in nhiệt.
– Quy cách: k57, k80.
– Xuất xứ: Nhật Bản.
– Màu sắc: trắng.
– Đóng gói: dạng cuộn 30mm, 38mm, 45mm (đối với giấy k57) và 45mm, 65mm, 100mm (đối với giấy k80)."
banhat,6470,Giấy Fax Nhiệt 210 cm,GFAXNHIETMISU21,https://vanphongphambanhat.com.vn/san-pham/giay-fax-nhiet-210-cm/,24000,28000,24000,True,giay-in-nhiet|giay-in-van-phong,Giấy In Nhiệt|GIẤY IN VĂN PHÒNG,,,Còn hàng,https://vanphongphambanhat.com.vn/wp-content/uploads/2019/12/giay-fax-nhiet-sakura-210-cm-vpp-ba-nhat.jpg,"Giấy fax nhiệt 210 cm có xuất xứ từ Japan. Đây là một trong những sản phẩm được sản xuất trên dây chuyền công nghệ hiện đại cùng những nguyên vật liệu được chọn lọc kỹ lưỡng nên sản phẩm luôn có độ mỏng đạt chuẩn.
Bởi vậy mà chúng cũng cho tuổi thọ lâu hơn khoảng 3 lần so với giấy in kim.
Giấy Fax Nhiệt 210 cm
luôn cho ra đời những thành phẩm là những bản in rõ ràng, sắc nét, hoàn toàn không bị mờ hay nhòe mực, sản phẩm được phân phối tại văn phòng phẩm Ba Nhất."
banhat,6471,Giấy Ford Màu A4 70,GFORA470VANG,https://vanphongphambanhat.com.vn/san-pham/giay-ford-mau-a4-70/,75000,77000,75000,True,giay-in-van-phong|giay-ford-mau,GIẤY IN VĂN PHÒNG|Giấy Ford Màu,A4,,Còn hàng,https://vanphongphambanhat.com.vn/wp-content/uploads/2019/12/giay-ford-mau-a4-70.jpg,"Giấy Ford màu A4 70 là một trong những sản phẩm cao cấp mang những tính năng tuyệt hảo.
Đây là sản phẩm được rất nhiều khách hàng ưa chuộng sử dụng bởi chúng có tính linh hoạt trong in ấn, hơn nữa chúng có thể sử dụng cho tất cả các dòng máy in mà không hề kén bất cứ loại máy in nào.
Đặc biệt, sản phẩm này luôn có độ ăn mực cao, các bản in sau khi được in ra luôn đảm bảo độ rõ nét, không kề bị nhòe mực hay nhòe chữ, sản phẩm được bày bán và phân phối bởi văn phòng phẩm Ba Nhất và trên thị trường"
banhat,6472,Giấy Ford Màu A5 70,GFORA570HONG,https://vanphongphambanhat.com.vn/san-pham/giay-ford-mau-a5-70/,38500,40000,38500,True,giay-in-van-phong|giay-ford-mau,GIẤY IN VĂN PHÒNG|Giấy Ford Màu,,,Còn hàng,https://vanphongphambanhat.com.vn/wp-content/uploads/2019/12/giay-for-mau-a5-70gsm.jpg,"Giấy Ford màu A5 70 là một trong những loại giấy in được sản xuất trực tiếp tại Việt Nam, trên dây chuyền công nghệ tiên tiến và hệ thống máy móc hiện đại.
Giấy loại khổ A5 này thường có 4 màu cơ bản: hồng, vàng, xanh lá, xanh dương, tạo cho khách hàng có nhiều lựa chọn màu sắc phù hợp với tính chất từng công việc.
Hơn nữa, giấy có độ nhám nhẹ, giúp cho quá trình in thấm hút mực rất nhanh. Loại giấy này vẫn luôn được khách hàng đánh giá rất cao vì chất lượng sản phẩm mà nó mang lại khi sử dụng."
banhat,6474,Giấy Ford Màu A4 80,GFORA480DUONG,https://vanphongphambanhat.com.vn/san-pham/giay-ford-mau-a4-80/,85000,85000,85000,False,giay-in-van-phong|giay-ford-mau,GIẤY IN VĂN PHÒNG|Giấy Ford Màu,,,Còn hàng,https://vanphongphambanhat.com.vn/wp-content/uploads/2019/12/giay-ford-mau-a4-80gsm.jpg,"Giấy Ford Màu A4 80 được đánh giá tốt từ nguyên liệu bột giấy đến quá trình chế xuất. Với loại bột giấy cao cấp pha màu nhuộm chuẩn không gây độc hại.
Và hệ thống máy móc sản xuất hiện đại, tiên tiến đã cho ra đời loại giấy dày, không có bụi giấy và không gây ảnh hưởng đến sức khỏe người sử dụng.
Thành phẩm giấy dày dặn, không có cặn giấy và không gây hại đến sức khỏe người sử dụng.Với chất lượng sản phẩm của mình, Giấy Ford Màu A4 80 luôn tự tin mang đến sự hài lòng tuyệt đối cho khách hàng sử "
banhat,6475,Giấy Ford Màu A5 80,GFORA580XL,https://vanphongphambanhat.com.vn/san-pham/giay-ford-mau-a5-80/,43500,45000,43500,True,giay-in-van-phong|giay-ford-mau,GIẤY IN VĂN PHÒNG|Giấy Ford Màu,,,Còn hàng,https://vanphongphambanhat.com.vn/wp-content/uploads/2019/12/giay-ford-mau-a5-80gsm.jpg,"Giấy Ford một loại giấy đa năng tiện dùng trong rất nhiều lĩnh vực. Đặc biệt được ưa chuộng trong việc in ấn, thiết kế, tạo mẫu và trang trí. Giấy xuất xứ từ Indonesia. Một trong những dòng giấy sản xuất trên chất liệu cao cấp, thiết bị cao cấp và hiện đại chuyên dùng cho dân văn phòng và các tiệm in ấn. Sản phẩm được phân phối bởi văn phòng phẩm Ba Nhất."
banhat,6476,Giấy Decal A4 Đế Xanh,GDEALA4DEXANH,https://vanphongphambanhat.com.vn/san-pham/giay-decal-a4-de-xanh/,75000,90000,75000,True,giay-in-van-phong|giay-decal,GIẤY IN VĂN PHÒNG|Giấy Decal - Tomy,,,Còn hàng,https://vanphongphambanhat.com.vn/wp-content/uploads/2019/12/TK-giay-decal-xanh.jpg,"Giấy decal đế xanh là loại giấy đa năng được sử dụng trong nhiều lĩnh vực như in ấn tem nhãn, nhãn mác các loại mặt hàng trong tạp hóa hay siêu thị, thậm chí là nhãn mác tên sách trong nhà sách hay thư viện.. Loại giấy này có xuất xứ từ Việt Nam. Một trong những dòng giấy sản xuất trên chất liệu cao cấp, thiết bị cao cấp và hiện đại chuyên dán mác cho các sản phẩm. Sản phẩm được phân phối bởi văn phòng phẩm Ba Nhất."
banhat,6477,Giấy Decal A4 Đế Vàng,GDECALA4DEVANG,https://vanphongphambanhat.com.vn/san-pham/giay-decal-a4-de-vang/,78000,90000,78000,True,giay-in-van-phong|giay-decal,GIẤY IN VĂN PHÒNG|Giấy Decal - Tomy,,,Còn hàng,https://vanphongphambanhat.com.vn/wp-content/uploads/2019/12/TK-Tomy-a4-1.jpg,"Được sản xuất trực tiếp tại Việt Nam với công nghệ tiên tiến nhất, Giấy Decal Đế Vàng thường được sử dụng để in ấn tem nhãn, logo, in mã vạch… phổ biến rộng rãi trên khắp thị trường. Văn phòng phẩm Ba Nhất chuyên cung cấp các loại giấy decal đế vàng chất lượng cao, giá tốt cung ứng nhu cầu tiêu dùng của nguồn lực khách hàng dồi dào trên khắp thị trường."
banhat,6478,Giấy Decal Da Bò,GDECALA4DABO,https://vanphongphambanhat.com.vn/san-pham/giay-decal-da-bo/,86300,90000,86300,True,giay-in-van-phong|giay-decal,GIẤY IN VĂN PHÒNG|Giấy Decal - Tomy,,,Còn hàng,https://vanphongphambanhat.com.vn/wp-content/uploads/2019/12/giay-decal-da-bo-vpp-ba-nhat-2.jpg,"Giấy Decal Da Bò
này thường có bề mặt màu nâu nhạt gần giống như màu da của con bò, có độ sần nhẹ nên thẩm thấu mực rất tốt, dùng để in hình ảnh hoặc thông tin sản phẩm lên bề mặt đó, còn bề mặt phía sau của giấy sẽ có lớp keo phủ dùng để làm nhãn dán sản phẩm. Mặt sau là lớp keo được làm bằng Acrylic, loại keo này sẽ dính chặt vào lớp mặt của giấy."
banhat,6479,Nhãn Tomy A5 (Số Từ 99 – 124),NTOMYA5-99,https://vanphongphambanhat.com.vn/san-pham/nhan-tomy-a5-so-tu-99-124/,11000,13000,11000,True,giay-in-van-phong|giay-decal,GIẤY IN VĂN PHÒNG|Giấy Decal - Tomy,A5,,Còn hàng,https://vanphongphambanhat.com.vn/wp-content/uploads/2019/12/TK-Tomy-a5.jpg,"Nhãn Tomy A5 (Số Từ 99 – 124) được biết đến là bộ giấy in ấn tem và nhãn dán tiết kiệm, hiệu quả được rất nhiều doanh nghiệp lớn, nhỏ hiện nay ưa chuộng và sử dụng. Đây là sản phẩm được đánh giá là loại giấy không chỉ dễ sử dụng mà còn tuyệt đối an toàn cho sức khỏe của người tiêu dùng."
banhat,6480,Nhãn Tomy A4 (Số Từ 125 – 149),NTOMYA4-125,https://vanphongphambanhat.com.vn/san-pham/nhan-tomy-a4-so-tu-125-149/,140000,150000,140000,True,giay-decal|giay-in-van-phong,Giấy Decal - Tomy|GIẤY IN VĂN PHÒNG,A4,,Còn hàng,https://vanphongphambanhat.com.vn/wp-content/uploads/2019/12/TK-Tomy-a4.jpg,"Nhãn Tomy A4 (Số Từ 125 – 149)
được biết đến với khá nhiều cái tên khác nhau như: giấy in mã vạch tomy, giấy in mã vạch A4 hay giấy in mã vạch tập,…
Thương hiệu: Tomy.
Khổ giấy: A4
Đơn vị tính: Xấp
Đóng gói: hộp.
Sử dụng cho: Máy in laser (có hỗ trợ in loại giấy nhãn).
Download mẫu in Decal Tomy A4 dàn sẵn tiện lợi trên Word"
banhat,8432,Giấy A1 định lượng 100 gsm cuộn lớn 5 kg,GINA1DL1005KGLN,https://vanphongphambanhat.com.vn/san-pham/giay-a1-dinh-luong-100-gsm/,200000,250000,200000,True,giay-a0-giay-a1|giay-in-photo|giay-in-van-phong,Giấy A0 - Giấy A1|Giấy In - Photo|GIẤY IN VĂN PHÒNG,A1,100,Còn hàng,https://vanphongphambanhat.com.vn/wp-content/uploads/2019/12/TK.a1-100.jpg,"Giấy A1 100 gsm dạng cuộn (5,2 kg và 2,7 kg)
vẫn luôn được khách hàng đánh giá cao về chất lượng sản phẩm. Khổ giấy A1 chủ yếu được sử dụng chủ yếu với các công việc như thiết kế, phác họa bản vẽ."
banhat,8455,"Giấy A1 80 dạng cuộn khổ 61,5 cm 3kg",GINA1DL803KGLL,https://vanphongphambanhat.com.vn/san-pham/giay-a1-80-dang-cuon/,160000,200000,160000,True,giay-in-photo|giay-a0-giay-a1|giay-in-van-phong,Giấy In - Photo|Giấy A0 - Giấy A1|GIẤY IN VĂN PHÒNG,A1,,Còn hàng,https://vanphongphambanhat.com.vn/wp-content/uploads/2019/12/70ceb7f52d5ed4008d4f.jpg,"Giấy A1 là dòng sản phẩm được sản xuất từ loại bột giấy cao cấp với các tiêu chuẩn, kỹ thuật đảm bảo chất lượng tốt nhất. Chính thế mà ngay từ khi ra đời nó luôn được người tiêu dùng lựa chọn là người bạn đồng hành vì chất lượng vượt trội.
Sản phẩm được phân phối bởi văn phòng phẩm Ba Nhất.
Với hàng loạt những ưu điểm của loại giấy này mang lại cho người tiêu dùng nên sản phẩm ngày càng được bày bán nhiều trên thị trường, trên các cửa hàng văn phòng phẩm và được người tiêu dùng bình chọn là sản "
banhat,8457,Giấy vệ sinh Toply có lõi 12 cuộn 2 lớp,GVSTOPLY,https://vanphongphambanhat.com.vn/san-pham/giay-ve-sinh-toply-co-loi-12-cuon/,42000,48000,42000,True,giay-ve-sinh|nhu-yeu-pham,Giấy Vệ Sinh|NHU YẾU PHẨM,,,Còn hàng,https://vanphongphambanhat.com.vn/wp-content/uploads/2020/01/giay-ve-sinh-toply-co-loi-1.png,"Thông tin về giấy vệ sinh Toply có lõi 12 cuộn 2 lớp
Thương hiệu:
Toply
Sản Xuất:
Indonesia
Kích thước:
90 x 100 mm
Số cuộn:
12 cuộn
Số lớp:
2 lớp"
banhat,8458,Giấy vệ sinh May,GVSMAY,https://vanphongphambanhat.com.vn/san-pham/giay-ve-sinh-may/,60000,65000,60000,True,giay-ve-sinh|nhu-yeu-pham,Giấy Vệ Sinh|NHU YẾU PHẨM,,,Còn hàng,https://vanphongphambanhat.com.vn/wp-content/uploads/2020/01/giay-cuon-may-gia-re-3.png,"Giấy vệ sinh May
Thương hiệu:
May
Sản Xuất:
Việt Nam
Kích thước:
90×100 mm
Số cuộn:
10 cuộn / bao PE"
banhat,15947,Giấy in Excel A4 80 GSM,GINEXCELA480,https://vanphongphambanhat.com.vn/san-pham/giay-in-excel-a4-80/,62000,67000,62000,True,giay-in-photo|giay-a4|giay-in-van-phong,Giấy In - Photo|Giấy A4|GIẤY IN VĂN PHÒNG,A4,80,Còn hàng,https://vanphongphambanhat.com.vn/wp-content/uploads/2020/04/giay-excel-a4-80-s.png,"Giấy in Excel A4 80 gsm
Thương hiệu: giấy Excel
Khổ giấy A4 ( 210mm x 297mm)
Định lượng 80gsm
Nếu khách hàng KHÔNG lấy hóa đơn, Giấy A4 giảm thêm 2.000, Giấy A3 giảm 5.000 trên đơn giá có VAT
Thị trường biến động nên Giá bán sẽ cập nhật theo thời giá.
Quý khách vui lòng Liên hệ để được Báo giá tốt nhất và chính xác tại thời điểm mua hàng.
Xin cảm ơn."
banhat,15953,Giấy Excel A3 80 gsm,GINEXCELA380,https://vanphongphambanhat.com.vn/san-pham/giay-excel-a3-80-gsm/,126000,145000,126000,True,giay-in-photo|giay-a3|giay-in-van-phong,Giấy In - Photo|Giấy A3|GIẤY IN VĂN PHÒNG,A3,80,Còn hàng,https://vanphongphambanhat.com.vn/wp-content/uploads/2020/04/giay-in-excel-a3-80-2s.png,"Thông số sản phẩm giấy Excel A3 80
Tên sản phẩm: Giấy A3 Excel 80gsm
Kích thước: Khổ A3 (297 x 420 mm)
Định lượng: 80gsm
Xuất xứ: Indonesia / Thái Lan
Quy cách đóng gói: 5 ream /thùng
Ứng dụng: in văn bản, tài liệu, hợp đồng, photocopy
Trọng lượng: Khoản 4.8kg /ream, 24kg /thùng
Nếu khách hàng KHÔNG lấy hóa đơn, Giấy A4 giảm thêm 2.000, Giấy A3 giảm 5.000 trên đơn giá có VAT
Thị trường biến động nên Giá bán có thể thay đổi theo thời giá.
Quý khách vui lòng Liên hệ để được Báo giá tốt nhất và chí"
banhat,17089,BÌA THÁI A3 LỚN KHỔ F3,BTHAIF3XDUONG,https://vanphongphambanhat.com.vn/san-pham/bia-thai-a3-lon-kho-f3/,90000,93000,90000,True,giay-bia-mau|giay-in-van-phong,Giấy Bìa Màu|GIẤY IN VĂN PHÒNG,A3,,Còn hàng,https://vanphongphambanhat.com.vn/wp-content/uploads/2020/04/giay-bia-thai-f3-gia-re-e1595825498668.png,"Giấy in bìa Thái khổ F3 định lượng 160 gsm
có 5 màu tùy chọn trắng, xanh dương, xanh lá, vàng, hồng.
Là sản phẩm có chất lượng cao, dùng nguyên liệu chất lượng và quy trình sản xuất hiện đại. Bìa Thái A3 lớn khổ F3 160gsm dày, phẳng, mịn và không có cặn giấy. Hơn nữa, bìa có đủ các màu được nhuộm không có các chất gây độc hại. Từ đó, sản phẩm bìa khi in cho ra thành phẩm sắc nét, không bị nhòe hay lem mực, khả năng thấm mực tốt, đặc biệt lại luôn đảm bảo an toàn cho người sử dụng."
banhat,17093,Giấy ép Plastic CMND 160 MIC,BIAPLASTICCMND,https://vanphongphambanhat.com.vn/san-pham/giay-ep-plastic-cmnd-160-mic/,40000,45000,40000,True,giay-bia-mau|giay-in-van-phong,Giấy Bìa Màu|GIẤY IN VĂN PHÒNG,,,Còn hàng,https://vanphongphambanhat.com.vn/wp-content/uploads/2020/04/plastic-ep-deo-cmnd-1-e1595830566693.png,"Giấy ép Plastic CMND 160 Mic
rất phổ biến và quen thuộc đối với mỗi chúng ta, nó có chất lượng tốt và thật sự hữu ích trong việc bảo vệ tài liệu, giấy tờ quan trọng của mỗi người.
Màng plastic ép dẻo CMND
còn có khả năng
chống nước, chống bụi bẩn cực kì tuyệt vời. Yên tâm khi gặp nước hay bị bám bẩn với giấy ép nhựa thẻ căn cước công dân bên ngoài, giấy tờ của bạn sẽ luôn khô ráo và sạch sẽ nhất có thể."
banhat,17520,GIẤY QUALITY A5 70 gsm,GINQUALITYA570,https://vanphongphambanhat.com.vn/san-pham/giay-quality-a5-70/,33000,37000,33000,True,giay-in-photo|giay-a5|giay-in-van-phong,Giấy In - Photo|Giấy A5|GIẤY IN VĂN PHÒNG,A5,70,Còn hàng,https://vanphongphambanhat.com.vn/wp-content/uploads/2020/05/giay-a5-70-quality-gia-re-1-e1595830177648.png,"Giấy in A5 Quality 70gsm giá rẻ chất lượng cao nhập khẩu Thái Lan
Kích thước: Khổ A5 (148 x 210 mm)
Định lượng: 70gsm
Số lượng: 500 tờ
Xuất xứ: Thái Lan
Quy cách đóng gói: 500 tờ /ream, 10 ream /thùng
Ứng dụng: in văn bản, tài liệu, hợp đồng, photocopy
Trọng lượng: Khoảng 1kg /ream, 10kg /thùng
Nếu khách hàng KHÔNG lấy hóa đơn, Giấy A4 giảm thêm 2.000, Giấy A3 giảm 5.000 trên đơn giá có VAT"
banhat,36501,Giấy note 3 size Double A màu dạ quang (Neon),GNOTEDOUBLE3SIZE,https://vanphongphambanhat.com.vn/san-pham/giay-note-3-size-double-a-mau-da-quang/,20000,25000,20000,True,giay-note-phan-trang|giay-in-van-phong,Giấy Note - Phân Trang|GIẤY IN VĂN PHÒNG,,,Còn hàng,https://vanphongphambanhat.com.vn/wp-content/uploads/2020/12/giay-note-3-size-double-a-1.jpg,"Giấy note 3 size Double A màu dạ quang (Neon) tiện dụng
Kích thước: 76 x 127mm (3×5), 76 x 76mm (3×3), 76 x 51mm (3×2)
Với 3 màu dạ quang
Có thể tháo dán và gỡ ra dễ dàng nhờ lớp keo mỏng
Chất lượng đẹp, mịn, láng. Keo dính bền lâu nhưng dễ di dời.
Đóng gói: 50 tờ/màu, 150 tờ/tập
Màu sắc tươi sáng, bắt mắt (màu neon): vàng, hồng, xanh lá"
banhat,37224,Giấy note 5 màu nhựa 3M,,https://vanphongphambanhat.com.vn/san-pham/giay-note-5-mau-nhua-3m/,1,1000,1,True,giay-note-phan-trang|giay-in-van-phong,Giấy Note - Phân Trang|GIẤY IN VĂN PHÒNG,,,Còn hàng,https://vanphongphambanhat.com.vn/wp-content/uploads/2021/01/giay-note-post-it-3m-2.jpg,"Giấy note 5 màu nhựa 3M
là loại giấy nhớ có kích cỡ nhỏ: chỉ 11*43mm,
Bộ có 5 màu sắc bắt mắt thường thấy như màu đỏ, vàng, xanh lam, xanh lá cây, màu cam.
Màu sắc của giấy note thường được thiết kế đậm màu, không bị phai màu và thông tin trên giấy lưu lại cũng giữ được khá lâu.
Tình trạng: còn hàng"
banhat,37317,GIẤY IN ẢNH EPSON 1 MẶT 230 GSM,GINANHEPSONA41M,https://vanphongphambanhat.com.vn/san-pham/giay-in-anh-epson-a4-1-mat/,30000,32000,30000,True,giay-in-anh|giay-in-van-phong,Giấy In Ảnh|GIẤY IN VĂN PHÒNG,,230,Còn hàng,https://vanphongphambanhat.com.vn/wp-content/uploads/2021/01/giay-in-anh-epson-1-mat-230-gsm-1.jpg,"GIẤY IN ẢNH EPSON 1 MẶT 230 GSM
Trọng lượng: 230 gsm.
Đơn vị tính: Xấp.
Kích thước: 279mm * 210mm.
Quy cách: 50 xấp/ 1 thùng.
Màu sắc: Trắng – bóng."
banhat,40801,Giấy in A4 A-one 72gsm,GINAONE472,https://vanphongphambanhat.com.vn/san-pham/giay-in-a4-a-one-72gsm/,58000,62000,58000,True,giay-a4|giay-in-photo|giay-in-van-phong,Giấy A4|Giấy In - Photo|GIẤY IN VĂN PHÒNG,A4,72,Còn hàng,https://vanphongphambanhat.com.vn/wp-content/uploads/2021/03/giay-in-a-one-A4-72gsm-4.jpg,"Giấy in A4
A-one
72gsm giá rẻ chất lượng tốt
Kích thước: Khổ A4 (210 x 297mm)
Định lượng: 72gsm
Số lượng: 500 tờ
Xuất xứ: Việt Nam
Quy cách đóng gói: 500 tờ /ream, 5 ream /thùng
Ứng dụng: in văn bản, tài liệu, hợp đồng, photocopy
Trọng lượng: Khoảng 2kg /ream, 10kg /thùng
Thị trường biến động nên Giá bán sẽ cập nhật theo thời giá.
Quý khách vui lòng Liên hệ để được Báo giá tốt nhất và chính xác tại thời điểm mua hàng.
Xin cảm ơn."
banhat,45478,Phân trang nhựa dán 4 màu Double A,N4MDOUBLEA,https://vanphongphambanhat.com.vn/san-pham/phan-trang-nhua-dan-4-mau-double-a/,11500,18000,11500,True,giay-note-phan-trang|giay-in-van-phong,Giấy Note - Phân Trang|GIẤY IN VĂN PHÒNG,,,Còn hàng,https://vanphongphambanhat.com.vn/wp-content/uploads/2021/12/phan-trang-dan-nhua-4-mau-double-a-1.jpg,"Giấy phân trang nhựa dán 4 màu Double A chính hãng
Mã sản phẩm: Sigher 4 Double A FT040108-EN
Chất liệu: chất liệu PP
Kích thước: 38mm x 51mm
Đóng gói: 24 miếng/ xấp
Số lượng: 24 miếng (6 miếng/màu)"
banhat,45685,Giấy vệ sinh JAPANI SILK cuộn nhỏ có lõi,GVSJAPANISILK,https://vanphongphambanhat.com.vn/san-pham/giay-ve-sinh-japani-silk/,50000,60000,50000,True,giay-ve-sinh|nhu-yeu-pham,Giấy Vệ Sinh|NHU YẾU PHẨM,,,Còn hàng,https://vanphongphambanhat.com.vn/wp-content/uploads/2022/04/giay-ve-sinh-cuon-nho-japani-silk-10-vpp-ba-nhat-2.jpg,"Giấy vệ sinh JAPANI SILK cuộn nhỏ có lõi
100% bột giấy nguyên sinh nhập khẩu
Định lượng: 14gsm ±2
Đóng gói: mỗi lốc 10 cuộn, cuộn 3 lớp, dải dài 297m
Đặc điểm: Giấy trắng, mềm, mịn, dai, hoa văn mặt trong chấm bi mặt ngoài bông hoa
Tình trạng: Còn hàng"
banhat,46167,Giấy IK Natural A4 70gsm,GINNATURALA470,https://vanphongphambanhat.com.vn/san-pham/giay-ik-natural-a4-70gsm/,62500,66000,62500,True,giay-a4|giay-in-photo|giay-in-van-phong,Giấy A4|Giấy In - Photo|GIẤY IN VĂN PHÒNG,A4,70,Còn hàng,https://vanphongphambanhat.com.vn/wp-content/uploads/2022/05/giay-a4-70gsm-IK-Natural-vpp-ba-nhat-tphcm-2.jpg,"Giấy in A4 IK Natural 70gsm giá rẻ nhập khẩu từ Indo
Kích thước: Khổ A4 (210 x 297mm)
Định lượng: 70gsm
Số lượng: 500 tờ
Xuất xứ: Indonesia
Quy cách đóng gói: 500 tờ /ream, 5 ream /thùng
Ứng dụng: in văn bản, tài liệu, hợp đồng, photocopy
Trọng lượng: Khoảng 2kg /ream, 10kg /thùng
Nếu khách hàng KHÔNG lấy hóa đơn, Giấy A4 giảm thêm 2.000, Giấy A3 giảm 5.000 trên đơn giá có VAT
Thị trường biến động nên Giá bán sẽ cập nhật theo thời giá.
Quý khách vui lòng Liên hệ để được Báo giá tốt nhất và chính"
banhat,46853,Giấy Paper One A3 80 gsm,GINPAPERONEA380,https://vanphongphambanhat.com.vn/san-pham/giay-paper-one-a3-80/,158000,170000,158000,True,giay-a3|giay-in-photo|giay-in-van-phong,Giấy A3|Giấy In - Photo|GIẤY IN VĂN PHÒNG,A3,80,Còn hàng,https://vanphongphambanhat.com.vn/wp-content/uploads/2019/12/paper-one-a3-80.png,"Giấy in Paper One A3 80 gsm cao cấp nhập khẩu từ Indo
Kích thước: Khổ A3 (297 x 420 mm)
Định lượng: 80gsm
Số lượng: 500 tờ
Xuất xứ: Indonesia
Quy cách đóng gói: 500 tờ /ream, 5 ream /thùng
Ứng dụng: in văn bản, tài liệu, hợp đồng, photocopy
Trọng lượng: Khoảng 4.8kg /ream, 24kg /thùng
Nếu khách hàng KHÔNG lấy hóa đơn, Giấy A4 giảm thêm 2.000, Giấy A3 giảm 5.000 trên đơn giá có VAT
Thị trường biến động nên Giá bán có thể thay đổi theo thời giá.
Quý khách vui lòng Liên hệ để được Báo giá tốt nhất "
banhat,48402,Giấy A4 Bãi bằng vàng 60gsm,GINBAIBANGA4,https://vanphongphambanhat.com.vn/san-pham/giay-a4-bai-bang-vang-60gsm/,72000,75000,72000,True,giay-a4|giay-in-photo|giay-in-van-phong,Giấy A4|Giấy In - Photo|GIẤY IN VĂN PHÒNG,A4,60,Còn hàng,https://vanphongphambanhat.com.vn/wp-content/uploads/2022/10/giay-in-a4-60gsm-bai-bang-vpp-ba-nhat.jpg,"Giấy A4 Bãi bằng vàng 60 gsm
Kích thước: khổ A4
Định lượng: 60gsm
Giấy màu vàng nhạt
Quy cách: lẻ 1 ream, 5 ream / thùng
Đơn vị tính: Ream
Xuất xứ: Việt Nam
Quy cách đóng gói: 500 tờ / ream
Giấy A4 bãi bằng vàng 60gsm thích hợp trong văn phòng, in ấn, photocopy"
banhat,48408,Giấy A4 Delight 70gsm,GIDELIGHTA470,https://vanphongphambanhat.com.vn/san-pham/giay-a4-delight-70gsm/,61000,73000,61000,True,giay-a4|giay-in-photo|giay-in-van-phong,Giấy A4|Giấy In - Photo|GIẤY IN VĂN PHÒNG,A4,70,Còn hàng,https://vanphongphambanhat.com.vn/wp-content/uploads/2022/10/giay-in-a4-70gsm-gia-re-delight-vpp-ba-nhat.jpg,"Giấy A4 70gsm Delight chính hãng
Kích thước: Khổ A4 (210 x 297mm)
Định lượng: 70gsm
Số lượng: 500 tờ
Xuất xứ: Thái Lan
Đơn vị tính: Ream
Đóng gói: 5 Ream / Thùng
Thích hợp dùng in ấn văn bản, photocopy"
banhat,48409,Giấy A4 70gsm Viva Extra,GINVIVAA470,https://vanphongphambanhat.com.vn/san-pham/giay-a4-70gsm-viva-extra/,59500,70000,59500,True,giay-a4|giay-in-photo,Giấy A4|Giấy In - Photo,A4,70,Còn hàng,https://vanphongphambanhat.com.vn/wp-content/uploads/2022/10/giay-in-a4-70gsm-gia-re-viva-extra-vpp-ba-nhat.jpg,"Giấy A4 Viva Extra định lượng 70gsm
Kích thước: Khổ A4 (210 x 297mm)
Định lượng: 70gsm ++
Số lượng: 500 tờ
Chất lượng: Đẹp, trắng, mịn, láng
Xuất xứ: An Hòa paper Việt Nam
Đóng gói: 5 Ream / Thùng
Thích hợp dùng in ấn văn bản, photocopy"
banhat,48410,Giấy A5 60gsm Bãi bằng vàng,GINBAIBANGA5,https://vanphongphambanhat.com.vn/san-pham/giay-a5-bai-bang-60-gsm/,28000,35000,28000,True,giay-a5|giay-in-photo|giay-in-van-phong,Giấy A5|Giấy In - Photo|GIẤY IN VĂN PHÒNG,A5,60,Còn hàng,https://vanphongphambanhat.com.vn/wp-content/uploads/2022/10/giay-in-a5-60gsm-bai-bang-gia-re-vpp-ba-nhat.jpg,"Giấy A5 Bãi bằng vàng
Kích thước: khổ A5
Định lượng: 60gsm
Giấy màu vàng nhạt
Quy cách: lẻ 2 ream, 10 ream / thùng
Đơn vị tính: Ream
Xuất xứ: Việt Nam
Quy cách đóng gói: 500 tờ / ream
Giấy A5 bãi bằng vàng 60gsm thích hợp trong văn phòng, in ấn, photocopy"
banhat,48413,Giấy A4 IK copy 70gsm,GINIKCOPYA470,https://vanphongphambanhat.com.vn/san-pham/giay-a4-ik-copy-70gsm/,57500,70000,57500,True,giay-a4|giay-in-photo|giay-in-van-phong,Giấy A4|Giấy In - Photo|GIẤY IN VĂN PHÒNG,A4,70,Còn hàng,https://vanphongphambanhat.com.vn/wp-content/uploads/2022/10/giay-in-a4-70gsm-ik-copy-vpp-ba-nhat.jpg,"Giấy A4 IK copy 70gsm chính hãng
Ream giấy A4 70 gsm IK Copy (500 tờ) – Hàng nhập khẩu Indonesia
Thương hiệu: IK
Kích thước: khổ A4
Định lượng: 70 gsm
Quy cách: 500 tờ / ream
Bảo quản: Nhiệt độ: 10 ~ 55º C, Độ ẩm: 55 ~ 95% RH."
banhat,48533,Giấy A4 80gsm IK Signature cao cấp,GINIKSIGA480,https://vanphongphambanhat.com.vn/san-pham/giay-a4-80gsm-ik-signature/,75000,80000,75000,True,giay-a4|giay-in-photo|giay-in-van-phong,Giấy A4|Giấy In - Photo|GIẤY IN VĂN PHÒNG,A4,80,Còn hàng,https://vanphongphambanhat.com.vn/wp-content/uploads/2022/10/giay-a4-80gsm-ik-signature-vpp-ba-nhat.jpg,"Giấy in A4 IK Signature 80gsm
Thương hiệu: IK
Kích thước: A4 (210 x 297 mm)
Định lượng: 80 gsm
Quy cách: 500 tờ / ream
Bảo quản: Nhiệt độ: 10 ~ 55º C
Độ ẩm: 55 ~ 95% RH
Hàng nhập khẩu Indonesia"
banhat,48774,Giấy note Double A màu vàng,NOTEDOUBLE3X3,https://vanphongphambanhat.com.vn/san-pham/giay-note-double-a/,5000,7000,5000,True,giay-note-phan-trang|giay-in-van-phong,Giấy Note - Phân Trang|GIẤY IN VĂN PHÒNG,,,Còn hàng,https://vanphongphambanhat.com.vn/wp-content/uploads/2022/10/giay-note-3x3-double-a-vpp-ba-nhat.jpg,"Giấy Note Double A vàng cao cấp
Chất lượng: Đẹp, mịn, láng. Keo dính tốt, bền lâu
Màu sắc: màu vàng
Quy cách: 100 tờ / xấp
Giấy Note 3×2 Double A : (3×2 inch ~ 76×51 mm)
Giấy Note 3×3 Double A : (3×3 inch ~ 76×76 mm)
Giấy Note 3×4 Double A : (3×4 inch ~ 76×102 mm)
Giấy Note 3×5 Double A : (3×5 inch ~ 76×127 mm)"
banhat,48778,Giấy note 2×3 Stickiii,NOTESTICKII2X3,https://vanphongphambanhat.com.vn/san-pham/giay-note-2x3-stickiii/,5000,6000,5000,True,giay-note-phan-trang|giay-in-van-phong,Giấy Note - Phân Trang|GIẤY IN VĂN PHÒNG,,,Còn hàng,https://vanphongphambanhat.com.vn/wp-content/uploads/2022/10/giay-note-2x3-stickiii-vpp-ba-nhat.jpg,Giấy note 2×3 Stickiii : Tiện lợi cho việc mang theo mọi lúc mọi nơi. Ngay cả trong những lúc bận rộn nhất bạn cũng có thể ghi chú 1 cách dễ dàng.
banhat,48779,Giấy A5 70gsm VIVA Extra giá rẻ,GINVIVAA570,https://vanphongphambanhat.com.vn/san-pham/giay-a5-70gsm-viva-gia-re/,30500,37000,30500,True,giay-a5|giay-in-photo|giay-in-van-phong,Giấy A5|Giấy In - Photo|GIẤY IN VĂN PHÒNG,A5,70,Còn hàng,https://vanphongphambanhat.com.vn/wp-content/uploads/2022/10/giay-in-a5-70gsm-viva-gia-re-vpp-ba-nhat.jpg,"Giấy A5 Viva Extra định lượng 70gsm
Kích thước: Khổ A5 (148 x 210 mm)
Định lượng: 70gsm ++
Số lượng: 500 tờ
Chất lượng: Đẹp, trắng, mịn, láng
Xuất xứ: An Hòa paper Việt Nam
Đóng gói: 10 Ream / Thùng
Thích hợp dùng in ấn văn bản, photocopy"
banhat,55761,Giấy in nhiệt K80x80 giá rẻ,,https://vanphongphambanhat.com.vn/san-pham/giay-in-nhiet-k80x80/,1,1000,1,True,giay-in-nhiet|giay-in-van-phong,Giấy In Nhiệt|GIẤY IN VĂN PHÒNG,,,Còn hàng,https://vanphongphambanhat.com.vn/wp-content/uploads/2023/04/giay-in-nhiet-k80-x-80-in-bill-gia-re-vpp-ba-nhat.jpg,"Giấy in nhiệt K80x80 in bill, in hóa đơn chất lượng giá tốt
Độ rộng cuộn giấy: 80mm
Đường kính ngoài cuộn: 80mm (ø 80mm)
Đường kính trong lõi: 15mm (ø 15mm)
Chiều dài: 64m
Sử dụng: In nhiệt trực tiếp (không cần mực)
Tương thích: Máy in nhiệt, máy in hóa đơn in nhiệt
Đơn vị tính: Cuộn
Đóng gói: 50 cuộn /thùng
Xuất xứ: Nhập khẩu
Ứng dụng: In hóa đơn bán hàng, bill tính tiền, phiếu order, phiếu giữ đồ"
banhat,55764,Giấy in nhiệt K80x65 giá rẻ,GINNHIETK80X65,https://vanphongphambanhat.com.vn/san-pham/giay-in-nhiet-k80x65/,15000,18000,15000,True,giay-in-nhiet|giay-in-van-phong,Giấy In Nhiệt|GIẤY IN VĂN PHÒNG,,,Còn hàng,https://vanphongphambanhat.com.vn/wp-content/uploads/2023/04/giay-in-nhiet-k80-x-65-in-bill-gia-re-vpp-ba-nhat.jpg,"Giấy in nhiệt K80 x 65 in bill, in hóa đơn chất lượng giá tốt
Độ rộng cuộn giấy: 80mm
Đường kính ngoài cuộn: 65mm (ø 65mm)
Đường kính trong lõi: 15mm (ø 15mm)
Chiều dài: 43m
Sử dụng: In nhiệt trực tiếp (không cần mực)
Tương thích: Máy in nhiệt, máy in hóa đơn in nhiệt
Đơn vị tính: Cuộn
Đóng gói: 50 cuộn /thùng
Xuất xứ: Nhập khẩu
Ứng dụng: In hóa đơn bán hàng, bill tính tiền, phiếu order, phiếu giữ đồ"
banhat,55838,Giấy in nhiệt K80x45 giá rẻ,,https://vanphongphambanhat.com.vn/san-pham/giay-in-nhiet-k80x45/,1,1000,1,True,giay-in-nhiet|giay-in-van-phong,Giấy In Nhiệt|GIẤY IN VĂN PHÒNG,,,Còn hàng,https://vanphongphambanhat.com.vn/wp-content/uploads/2023/04/giay-in-nhiet-k80-80x45-mm-vpp-ba-nhat.jpg,"Giấy in nhiệt K80x45 in bill, in hóa đơn chất lượng giá tốt
Độ rộng cuộn giấy: 80mm
Đường kính ngoài cuộn: 45mm (ø 45mm)
Đường kính trong lõi: 15mm (ø 15mm)
Chiều dài: 19m
Sử dụng: In nhiệt trực tiếp (không cần mực)
Tương thích: Máy in nhiệt, máy in hóa đơn in nhiệt
Đơn vị tính: Cuộn
Đóng gói: 100 cuộn / thùng 10kg
Xuất xứ: Nhập khẩu
Ứng dụng: In hóa đơn bán hàng, bill tính tiền, phiếu order, phiếu giữ đồ"
banhat,55844,Giấy in nhiệt K57 (57x45mm) giá rẻ,,https://vanphongphambanhat.com.vn/san-pham/giay-in-nhiet-k57x45/,1,1000,1,True,giay-in-nhiet|giay-in-van-phong,Giấy In Nhiệt|GIẤY IN VĂN PHÒNG,,,Còn hàng,https://vanphongphambanhat.com.vn/wp-content/uploads/2023/04/giay-in-nhiet-k57-57x45-mm-vpp-ba-nhat.jpg,"Giấy in nhiệt K57x45 in bill, in hóa đơn chất lượng giá tốt
Độ rộng cuộn giấy: 57mm
Đường kính ngoài cuộn: 45mm (ø 45mm)
Đường kính trong lõi: 15mm (ø 15mm)
Chiều dài: 19m
Sử dụng: In nhiệt trực tiếp (không cần mực)
Tương thích: Máy in nhiệt, máy in hóa đơn in nhiệt
Đơn vị tính: Cuộn
Đóng gói: 100 cuộn / thùng 8kg
Xuất xứ: Nhập khẩu
Ứng dụng: In hóa đơn bán hàng, bill tính tiền, phiếu order, phiếu giữ đồ"
banhat,55846,Giấy in nhiệt K57x38mm,,https://vanphongphambanhat.com.vn/san-pham/giay-in-nhiet-k57x38/,1,1000,1,True,giay-in-nhiet|giay-in-van-phong,Giấy In Nhiệt|GIẤY IN VĂN PHÒNG,,,Còn hàng,https://vanphongphambanhat.com.vn/wp-content/uploads/2023/04/giay-in-nhiet-k57-57x38-mm-vpp-ba-nhat.jpg,"Giấy in nhiệt K57x38 in bill, in hóa đơn chất lượng giá tốt
Độ rộng cuộn giấy: 57mm
Đường kính ngoài cuộn: 38mm (ø 38mm)
Đường kính trong lõi: 15mm (ø 15mm)
Chiều dài: 18m
Sử dụng: In nhiệt trực tiếp (không cần mực)
Tương thích: Máy in nhiệt, máy in hóa đơn in nhiệt
Đơn vị tính: Cuộn
Đóng gói: 100 cuộn / thùng 5kg
Xuất xứ: Nhập khẩu
Ứng dụng: In hóa đơn bán hàng, bill tính tiền, phiếu order, phiếu giữ đồ"
banhat,55851,"Giấy in kim K75 2 liên, 3 liên",,https://vanphongphambanhat.com.vn/san-pham/giay-in-kim-k75/,1,1000,1,True,giay-in-nhiet|giay-in-van-phong,Giấy In Nhiệt|GIẤY IN VĂN PHÒNG,,,Còn hàng,https://vanphongphambanhat.com.vn/wp-content/uploads/2023/04/giay-in-kim-2-lien-3-lien-k75-75mm-vpp-ba-nhat.jpg,"Giấy in kim K75 2 liên, 3 liên chất liệu giấy của nhật bản
Phân loại: Giấy in hóa đơn 2 liên, 3 liên dài 30m, 50m
Độ rộng cuộn giấy: 75mm (K75)
Chiều dài: Dài 30m, 50m
Chất liệu: Giấy in Carbonless của Nhật Bản
Loại 2 liên: 1 liên trắng, 1 liên hồng
Loại 3 liên: 1 liên trắng, 1 liên hồng, 1 liên vàng
Tương thích: Dùng cho máy in kim
Đơn vị tính: Cuộn
Đóng gói: 100 cuộn /thùng
Ứng dụng: Giấy chuyên dùng cho hệ thống siêu thị, shop, cửa hàng bán lẻ"
banhat,55852,Giấy in tem nhiệt 75×100 giá rẻ,,https://vanphongphambanhat.com.vn/san-pham/giay-in-tem-nhiet-75x100/,1,1000,1,True,giay-in-nhiet|giay-in-van-phong,Giấy In Nhiệt|GIẤY IN VĂN PHÒNG,,,Còn hàng,https://vanphongphambanhat.com.vn/wp-content/uploads/2023/04/decal-in-nhiet-75x100-mm-30m-300-tem-vpp-ba-nhat.jpg,"Cuộn Tem in nhiệt khổ 75x100mm
Kích thước: 75×100 mm (7.5×10 cm)
Số lượng tem: 300 tem
Chiều dài cuộn: 30m
Sử dụng: In nhiệt trực tiếp (không cần mực)
Phù hợp: Máy in nhiệt Xprinter, máy in mã vạch nhiệt trực tiếp…
Tương thích: Phần mềm quản lý bán hàng phổ biến: Kiot Việt, Sapo,…
Đơn vị tính: Cuộn
Ứng dụng: In tem nhãn hộp, nhãn thùng carton, in tem logistic, vận tải…"
banhat,55868,Giấy in mã vạch 2 tem 70×22 giá rẻ,,https://vanphongphambanhat.com.vn/san-pham/giay-in-ma-vach-2-tem-70x22/,1,1000,1,True,giay-in-nhiet|giay-in-van-phong,Giấy In Nhiệt|GIẤY IN VĂN PHÒNG,,,Còn hàng,https://vanphongphambanhat.com.vn/wp-content/uploads/2023/04/decal-in-nhiet-70x22-mm-30m-2300-tem-vpp-ba-nhat.jpg,"Giấy in mã vạch 2 tem 70×22 mm giá rẻ
Kích thước: 70x22mm, mỗi tem 35x22mm
Số lượng tem: Khoảng 2400 tem
Chiều dài cuộn: 30m
Sử dụng: In nhiệt trực tiếp (không cần mực)
Phù hợp: Máy in nhiệt Xprinter, máy in mã vạch nhiệt trực tiếp…
Tương thích: Phần mềm quản lý bán hàng phổ biến: Kiot Việt, Sapo,…
Đơn vị tính: Cuộn
Ứng dụng: Tem in nhãn trà sữa, in mã vạch, thông tin hàng hóa, sản phẩm…"
banhat,55870,Giấy in nhiệt A6 khổ 100×150 giá rẻ,GIAYINNHIETA6,https://vanphongphambanhat.com.vn/san-pham/giay-in-nhiet-a6-kho-100x150/,70000,80000,70000,True,giay-in-nhiet|giay-in-van-phong,Giấy In Nhiệt|GIẤY IN VĂN PHÒNG,,,Còn hàng,https://vanphongphambanhat.com.vn/wp-content/uploads/2023/04/decal-in-nhiet-a6-100x150-mm-500-to-ream-vpp-ba-nhat.jpg,"Giấy in nhiệt 100×150 khổ A6 giá rẻ
Kích thước:100x150mm (Ngang: 100mm – Dọc 150mm)
Số lượng tem: 500 tờ
Chiều dài: khoảng 55m
Sử dụng: In nhiệt trực tiếp (không cần mực)
Phù hợp: Máy in nhiệt Xprinter, HPRT, Gprinter, Godex…
Tương thích: Chuẩn kết nối in ấn từ sàn Lazada, Shopee, Tiki…
Đơn vị tính: 500 tờ /Xấp
Ứng dụng: In tem dán, in vận đơn, in đơn hàng hàng ngày, tem nhãn…"
banhat,55876,Giấy in tem nhiệt 40×30 giá rẻ,,https://vanphongphambanhat.com.vn/san-pham/giay-in-tem-nhiet-40x30/,1,1000,1,True,giay-in-nhiet|giay-in-van-phong,Giấy In Nhiệt|GIẤY IN VĂN PHÒNG,,,Còn hàng,https://vanphongphambanhat.com.vn/wp-content/uploads/2023/04/decal-in-nhiet-40x30-mm-30m-900-tem-vpp-ba-nhat.jpg,"Giấy in tem nhiệt 40×30 mm
Kích thước: 40x30mm (4×3 cm) (dài x cao)
Số lượng tem: 900 tem
Chiều dài cuộn: 30m
Sử dụng: In nhiệt trực tiếp (không cần mực)
Phù hợp: Máy in tem nhãn Xprinter XP 235B, 350B, 350BM, 358BM, 360B
Tương thích: Phần mềm ipos, foody, maybanhang, pos365
Đơn vị tính: Cuộn
Ứng dụng: Giấy in tem dán ly trà sữa, trà chanh, cafe…"
banhat,55878,Giấy in tem nhiệt 50×50 giá rẻ,,https://vanphongphambanhat.com.vn/san-pham/giay-in-tem-nhiet-50x50/,1,1000,1,True,giay-in-nhiet|giay-in-van-phong,Giấy In Nhiệt|GIẤY IN VĂN PHÒNG,,,Còn hàng,https://vanphongphambanhat.com.vn/wp-content/uploads/2023/04/decal-in-nhiet-50x50-mm-30m-600-tem-vpp-ba-nhat.jpg,"Giấy in tem nhiệt 50×50 mm
Kích thước: 50×50 mm (5x5cm)
Số lượng tem: 600 tem
Chiều dài cuộn: 30m
Sử dụng: In nhiệt trực tiếp (không cần mực)
Phù hợp: Xprinter XP 350B, 365B, APOS 350BN, TopCash, Gprinter
Tương thích: Phần mềm quản lý bán hàng, giao hàng
Đơn vị tính: Cuộn
Ứng dụng: In nhãn trà sữa, mã vạch, thông tin hàng hóa, tem Giao Hàng Tiết Kiệm"
banhat,55880,Giấy in tem nhiệt 100×150 giá rẻ,,https://vanphongphambanhat.com.vn/san-pham/giay-in-tem-nhiet-100x150/,1,1000,1,True,giay-in-nhiet|giay-in-van-phong,Giấy In Nhiệt|GIẤY IN VĂN PHÒNG,,,Còn hàng,https://vanphongphambanhat.com.vn/wp-content/uploads/2023/04/decal-in-nhiet-100x150-mm-50m-350-tem-vpp-ba-nhat.jpg,"Cuộn giấy in tem nhiệt 100×150 mm
Kích thước: 100x150mm (10x15cm), khổ A6
Số lượng tem: 350 tem
Chiều dài cuộn: 50m
Sử dụng: In nhiệt trực tiếp (không cần mực)
Phù hợp: Máy in mã vạch tem nhãn, Xprinter XP, APOS, TopCash, Gprinter
Tương thích: Phần mềm: Word, Excel, Haravan, Suno, KiotViet, SAPO…
Đơn vị tính: Cuộn
Ứng dụng: In đơn hàng, vận đơn, nhãn hàng hóa, mã vạch, tem thùng hàng…"
banhat,55884,Giấy in tem nhiệt 50×30 giá rẻ,,https://vanphongphambanhat.com.vn/san-pham/giay-in-tem-nhiet-50x30/,1,1000,1,True,giay-in-nhiet|giay-in-van-phong,Giấy In Nhiệt|GIẤY IN VĂN PHÒNG,,,Còn hàng,https://vanphongphambanhat.com.vn/wp-content/uploads/2023/04/decal-in-nhiet-50x30-mm-30m-900-tem-vpp-ba-nhat.jpg,"Giấy in tem nhiệt 50x30mm
Kích thước: 50x30mm (5x3cm) (dài x cao)
Số lượng tem: 900 tem
Chiều dài cuộn: 30m
Sử dụng: In nhiệt trực tiếp (không cần mực)
Phù hợp: Máy in tem nhãn Xprinter XP 235B, 350B, 350BM, 358BM, 360B
Tương thích: Phần mềm ipos, foody, maybanhang, pos365
Đơn vị tính: Cuộn
Ứng dụng: Giấy in tem dán ly trà sữa, trà chanh, cafe…"
banhat,55885,Giấy in tem nhiệt 58×40 giá rẻ,,https://vanphongphambanhat.com.vn/san-pham/giay-in-tem-nhiet-58x40/,1,1000,1,True,giay-in-nhiet|giay-in-van-phong,Giấy In Nhiệt|GIẤY IN VĂN PHÒNG,,,Còn hàng,https://vanphongphambanhat.com.vn/wp-content/uploads/2023/04/decal-in-nhiet-58x40-mm-30m-700-tem-vpp-ba-nhat.jpg,"Giấy in tem nhiệt 58×40 mm
Kích thước: 58x40mm (5.8x4cm) (dài x cao)
Số lượng tem: 700 tem
Chiều dài cuộn: 30m
Sử dụng: In nhiệt trực tiếp (không cần mực)
Phù hợp: Sử dụng cho các loại cân điện tử mã vạch
Tương thích: Phần mềm bán hàng, Word, Excel
Đơn vị tính: Cuộn
Ứng dụng: Giấy in tem nhiệt dành cho cân điện tử…"
banhat,55887,Giấy in tem nhiệt 70×100 giá rẻ,,https://vanphongphambanhat.com.vn/san-pham/giay-in-tem-nhiet-70x100/,1,1000,1,True,giay-in-nhiet|giay-in-van-phong,Giấy In Nhiệt|GIẤY IN VĂN PHÒNG,,,Còn hàng,https://vanphongphambanhat.com.vn/wp-content/uploads/2023/04/decal-in-nhiet-70x100-mm-30m-300-tem-vpp-ba-nhat.jpg,"Giấy in tem nhiệt 70×100 mm
Kích thước: 70x100mm (7x10cm) Khổ A7
Số lượng tem: 300 tem
Chiều dài cuộn: 30m
Sử dụng: In nhiệt trực tiếp (không cần mực)
Phù hợp: In đơn Viettel, GHTK, GHN, các phần mềm bán hàng
Tương thích: Phần mềm quản lý bán hàng, giao hàng
Đơn vị tính: Cuộn
Ứng dụng: In tem nhãn hộp, nhãn thùng carton, in tem logistic, vận tải…"
banhat,55890,Giấy in tem nhiệt 100×50 giá rẻ,,https://vanphongphambanhat.com.vn/san-pham/giay-in-tem-nhiet-100x50/,66000,75000,66000,True,giay-in-nhiet|giay-in-van-phong,Giấy In Nhiệt|GIẤY IN VĂN PHÒNG,,,Còn hàng,https://vanphongphambanhat.com.vn/wp-content/uploads/2023/04/decal-in-nhiet-100x50-mm-50m-900-tem-vpp-ba-nhat.jpg,"Giấy in tem nhiệt 100x50mm
Kích thước: 100×50mm (10x5cm)
Số lượng tem: 900 tem
Chiều dài cuộn: 50m
Sử dụng: In nhiệt trực tiếp (không cần mực)
Phù hợp: Máy in mã vạch tem nhãn, Xprinter XP, APOS, TopCash, Gprinter
Tương thích: Phần mềm: Word, Excel, Haravan, Suno, KiotViet, SAPO…
Đơn vị tính: Cuộn
Ứng dụng: In tem nhãn hộp, nhãn thùng carton, in tem logistic, vận tải…
BÁN THEO THÙNG 30 CUỘN KO BÁN LẺ."
banhat,55891,Decal thường in mã vạch 3 tem 35×22,,https://vanphongphambanhat.com.vn/san-pham/decal-thuong-in-ma-vach-3-tem-35x22/,1,1000,1,True,giay-in-nhiet|giay-in-van-phong,Giấy In Nhiệt|GIẤY IN VĂN PHÒNG,,,Còn hàng,https://vanphongphambanhat.com.vn/wp-content/uploads/2023/04/decal-in-thuong-35x22-mm-50m-6300-tem-vpp-ba-nhat.jpg,"Decal thường in mã vạch 3 tem 35×22 mm
Kích thước: 35x22mm (3.5×2.2cm)
Số lượng tem: 6300 tem
Chiều dài cuộn: 50m
Sử dụng: Máy in mã vạch, sử dụng kèm với Mực Ribbon
Phù hợp: Máy in mã vạch tem nhãn, Xprinter XP, APOS, TopCash, Gprinter
Tương thích: Phần mềm: Word, Excel, Haravan, Suno, KiotViet, SAPO…
Đơn vị tính: Cuộn
Ứng dụng: Phổ thông in mã vạch, tem sản phẩm, tem nhãn cho siêu thị, shop…"
banhat,55892,Giấy in mã vạch 3 tem 35×22 cao cấp,,https://vanphongphambanhat.com.vn/san-pham/giay-in-ma-vach-3-tem-35x22/,1,1000,1,True,giay-in-nhiet|giay-in-van-phong,Giấy In Nhiệt|GIẤY IN VĂN PHÒNG,,,Còn hàng,https://vanphongphambanhat.com.vn/wp-content/uploads/2023/04/decal-in-nhiet-35x22-mm-50m-6300-tem-vpp-ba-nhat.jpg,"Decal nhiệt in mã vạch 3 tem 35x22mm
Kích thước: 35x22mm (3.5×2.2cm)
Số lượng tem: 6300 tem
Chiều dài cuộn: 50m
Sử dụng: In nhiệt gián tiếp (cần mực in mã vạch)
Phù hợp: máy in mã vạch để bàn GoDEX (G500, G530, EZ 1100 Plus), TSC (TTP
244), Bixolon (SLP T400)…
Tương thích: Phần mềm: Word, Excel, Haravan, Suno, KiotViet, SAPO…
Đơn vị tính: Cuộn
Ứng dụng: Phổ thông in mã vạch, tem sản phẩm, tem nhãn cho siêu thị, shop…"
banhat,56369,Giấy A5 IK copy 70gsm,GIIKCOPYA570,https://vanphongphambanhat.com.vn/san-pham/giay-a5-ik-copy-70gsm/,32000,36000,32000,True,giay-a5|giay-in-photo|giay-in-van-phong,Giấy A5|Giấy In - Photo|GIẤY IN VĂN PHÒNG,A5,70,Còn hàng,https://vanphongphambanhat.com.vn/wp-content/uploads/2023/05/giay-a5-ik-copy-70gsm-vpp-ba-nhat-2.jpg,"Giấy A5 IK copy 70gsm nhập khẩu từ Indo
Kích thước: Khổ A5 (148 x 210 mm)
Định lượng: 70gsm
Số lượng: 500 tờ
Đơn vị tính: Ream
Thương hiệu: IK
Xuất xứ: APP Indonesia
Quy cách đóng gói: 500 tờ /ream, 10 ream /thùng
Ứng dụng: in văn bản, tài liệu, hợp đồng, photocopy
Trọng lượng: Khoảng 1kg /ream, 10kg /thùng"
banhat,56459,Giấy PaperLine A4 80gsm chất lượng,PAPERLINEA480,https://vanphongphambanhat.com.vn/san-pham/giay-paperline-a4-80gsm/,69000,75000,69000,True,giay-a4|giay-in-photo|giay-in-van-phong,Giấy A4|Giấy In - Photo|GIẤY IN VĂN PHÒNG,A4,80,Còn hàng,https://vanphongphambanhat.com.vn/wp-content/uploads/2023/06/giay-a4-paper-line-80gsm-vpp-ba-nhat-1.jpg,"Giấy A4 PaperLine 80gsm Cao cấp chính hãng nhập INDO
Kích thước: Khổ A4 (210 x 297mm)
Định lượng: 80gsm
Số lượng: 500 tờ
Đơn vị tính: Ream
Thương hiệu: PaperLine (Paper Line)
Xuất xứ: Indonesia
Quy cách đóng gói: 500 tờ /ream, 5 ream /thùng
Ứng dụng: in văn bản, tài liệu, hợp đồng, photocopy
Trọng lượng: Khoảng 2.4kg /ream, 12kg /thùng"
banhat,64075,Bìa thái A4 Grand 5 màu dày,BIAMAUA4DB,https://vanphongphambanhat.com.vn/san-pham/bia-thai-a4-grand-5-mau-day/,74000,77000,74000,True,giay-bia-mau|giay-in-van-phong,Giấy Bìa Màu|GIẤY IN VĂN PHÒNG,A4,,Còn hàng,https://vanphongphambanhat.com.vn/wp-content/uploads/2024/01/bia-thai-a4-grand-5-mau-day-160gsm-vpp-ba-nhat-4.jpg,"Bìa Thái A4 Grand Premium 160gsm
Kích Thước: A4
Màu sắc: Đỏ, xanh lá, xanh dương, cam, vàng
Đặc điểm: Là loại giấy bìa sử dụng để đóng bìa sách, luận án, tài liệu
Quy cách: Giấy bìa khổ A4. 100 tờ/1 xấp"
banhat,64092,Giấy ford màu đặc biệt Grand A4 80,FORMAUDB80,https://vanphongphambanhat.com.vn/san-pham/giay-ford-mau-dac-biet-grand/,190000,202000,190000,True,giay-ford-mau|giay-in-van-phong,Giấy Ford Màu|GIẤY IN VĂN PHÒNG,A4,,Còn hàng,https://vanphongphambanhat.com.vn/wp-content/uploads/2024/01/giay-ford-mau-dac-biet-a4-80gsm-grand-vpp-ba-nhat-3.jpg,"Giấy ford màu đặc biệt A4 80gsm Grand
Kích thước: A4
Định lượng: 80gsm
Màu: 12 màu đặc biệt
Chức năng: In ấn, thiết kế, tạo mẫu, trang trí
Nsx: Indonesia
Đơn vị tính: Ream (500 tờ)"
banhat,66430,Giấy A4 TH Paper 70gsm,GIAYINTHPAPER,https://vanphongphambanhat.com.vn/san-pham/giay-a4-th-paper/,57500,62000,57500,True,giay-a4|giay-in-photo|giay-in-van-phong,Giấy A4|Giấy In - Photo|GIẤY IN VĂN PHÒNG,A4,70,Còn hàng,https://vanphongphambanhat.com.vn/wp-content/uploads/2024/03/giay-a4-th-paper-70gsm-gia-re-vpp-ba-nhat-2.jpg,"Giấy A4 TH Paper 70gsm
là một lựa chọn xuất sắc cho nhu cầu in văn bản, tài liệu, hợp đồng, photocopy trong môi trường văn phòng.
Kích thước: Khổ A4 (210 x 297mm)
Định lượng: 70gsm
Số lượng: 500 tờ
Đơn vị tính: Ream
Quy cách đóng gói: 500 tờ /ream, 5 ream /thùng"
banhat,66529,Giấy PaperLine A5 80gsm,PAPERLINEA580,https://vanphongphambanhat.com.vn/san-pham/giay-paperline-a5/,36500,40000,36500,True,giay-in-photo|giay-a5|giay-in-van-phong,Giấy In - Photo|Giấy A5|GIẤY IN VĂN PHÒNG,A5,80,Còn hàng,https://vanphongphambanhat.com.vn/wp-content/uploads/2024/03/giay-a5-paperline-80gsm-vpp-ba-nhat-3.jpg,"Giấy PaperLine A5 80gsm cao cấp được ưa chuộng trên thị trường
Kích thước: Khổ A5 (148mm x 210mm)
Định lượng: 80gsm
Thương hiệu: Paperline
Màu sắc: trắng
Xuất xứ: Indonesia
Quy cách đóng gói: 10 ream/ thùng"
banhat,66561,Giấy V-Paper A4 62gsm,GINVPAPERA462,https://vanphongphambanhat.com.vn/san-pham/giay-v-paper/,51000,55000,51000,True,giay-in-photo|giay-a4|giay-in-van-phong,Giấy In - Photo|Giấy A4|GIẤY IN VĂN PHÒNG,A4,62,Còn hàng,https://vanphongphambanhat.com.vn/wp-content/uploads/2024/03/giay-a4-62gsm-v-paper-gia-re-vpp-ba-nhat-4.jpg,"Giấy in giá rẻ V-Paper A4 62gsm
Kích thước: Khổ A4 (210 x 297mm)
Định lượng: 62gsm
Số lượng: 500 tờ
Đơn vị tính: Ream
Thương hiệu: V-Paper
Xuất xứ: VietNam"
banhat,66571,Giấy Note Pronoti màu vàng,,https://vanphongphambanhat.com.vn/san-pham/giay-note-pronoti/,3500,5000,3500,True,giay-note-phan-trang|giay-in-van-phong,Giấy Note - Phân Trang|GIẤY IN VĂN PHÒNG,,,Còn hàng,https://vanphongphambanhat.com.vn/wp-content/uploads/2024/03/giay-note-pronoti-mau-vang-vpp-ba-nhat-1.jpg,"Giấy note Pronoti
vàng có thể dán và gỡ ra dễ dàng nhờ 1 mặt keo mỏng
Kích thước:
Note 1.5 x2 Pronoti: (1.5×2 inch ~ 38×51 mm)
Note 3×2 Pronoti: (3×2 inch ~ 76×51 mm)
Note 3×3 Pronoti: (3×3 inch ~ 76×76 mm)
Note 3×4 Pronoti: (3×4 inch ~ 76×102 mm)
Note 3×5 Pronoti: (3×5 inch ~ 76×127 mm)
Màu sắc: màu vàng
Chất lượng: Đẹp, mịn, láng. Keo dính tốt, bền lâu"
banhat,66595,Giấy note UNI-T 3×3 màu vàng,NOETUNIT3X3,https://vanphongphambanhat.com.vn/san-pham/giay-note-uni-t/,6000,8000,6000,True,giay-note-phan-trang|giay-in-van-phong,Giấy Note - Phân Trang|GIẤY IN VĂN PHÒNG,,,Còn hàng,https://vanphongphambanhat.com.vn/wp-content/uploads/2024/03/giay-note-3x3-uni-t-vang-vpp-ba-nhat-1.jpg,"Giấy note UNI-T 3×3 màu vàng
có thể dán và gỡ ra dễ dàng nhờ 1 mặt keo mỏng
Chất lượng: Đẹp, mịn, láng. Keo dính tốt, bền lâu
Kích thước:
Note 3×3 Uni-T (3×3 inch ~ 76×76 mm)
Màu sắc: màu vàng
Quy cách: 100 tờ / xấp
Thương hiệu: UNI-T"
banhat,66626,Giấy Note 5 màu nhựa Uni-T,NOTE5NUNI,https://vanphongphambanhat.com.vn/san-pham/giay-note-5-mau-nhua-uni-t/,10000,13000,10000,True,giay-note-phan-trang|giay-in-van-phong,Giấy Note - Phân Trang|GIẤY IN VĂN PHÒNG,,,Còn hàng,https://vanphongphambanhat.com.vn/wp-content/uploads/2024/03/giay-note-5-mau-nhua-uni-t-gia-re-vpp-ba-nhat-2.jpg,"Giấy note 5 màu nhựa Uni-T
Giấy note 5 màu nhựa Uni-T có thể dán và gỡ ra dễ dàng nhờ 1 mặt keo mỏng
Chất lượng: Đẹp, mịn, láng. Keo dính tốt, bền lâu
Chất liệu: nhựa mỏng
Màu sắc: 5 màu
Thương hiệu: UNI-T"
banhat,82089,Giấy Smartist A4 70gsm,,https://vanphongphambanhat.com.vn/san-pham/giay-smartist-a4-70gsm/,58000,62000,58000,True,giay-a4|giay-in-photo,Giấy A4|Giấy In - Photo,,70,Còn hàng,https://vanphongphambanhat.com.vn/wp-content/uploads/2026/02/giay-in-a4-smartist-dl-70g.webp,"Giấy Smartist A4 70gsm là loại giấy in – photocopy định lượng 70gsm, khổ A4 (210 x 297 mm), được sản xuất theo tiêu chuẩn phổ biến cho in ấn văn phòng. Với bề mặt giấy mịn, độ trắng vừa phải, sản phẩm phù hợp cho các công việc in tài liệu thường ngày.
Thông số kỹ thuật cơ bản
Tên sản phẩm:
Giấy Smartist A4
Định lượng:
70gsm
Kích thước:
A4 (210 x 297 mm)
Màu sắc:
Trắng tự nhiên
Đóng gói:
500 tờ/ream
Ứng dụng:
In, photocopy, fax, viết tay"
